,ds,y,yhat,yhat_lower,yhat_upper
0,31/12/2015,55.47999954,52.06735913,45.45893071,58.58908999
1,04/01/2016,54.79999924,51.21476269,44.27374818,57.80209408
2,05/01/2016,55.04999924,51.20138906,44.83545364,57.96756835
3,06/01/2016,54.04999924,51.11943782,44.25271623,57.1418921
4,07/01/2016,52.16999817,51.05788227,44.36211517,57.39723084
5,08/01/2016,52.33000183,50.93145222,44.15362572,57.38688534
6,11/01/2016,52.29999924,50.75962608,44.39538857,57.5699303
7,12/01/2016,52.77999878,50.93159469,44.34464757,57.15500406
8,13/01/2016,51.63999939,51.04747067,45.06122469,57.6297039
9,14/01/2016,53.11000061,51.19256739,44.88674564,57.62136984
10,15/01/2016,50.99000168,51.27777917,44.31004884,57.63846386
11,19/01/2016,50.56000137,52.09669857,45.50768092,58.58083731
12,20/01/2016,50.79000092,52.3919048,46.30189706,58.90327416
13,21/01/2016,50.47999954,52.69967681,46.56272738,59.12733323
14,22/01/2016,52.29000092,52.92827593,46.16689545,59.95552948
15,25/01/2016,51.79000092,53.67716648,46.74234723,60.1224145
16,26/01/2016,52.16999817,54.09123927,47.4358723,60.46823445
17,27/01/2016,51.22000122,54.41022852,47.83636396,61.15994779
18,28/01/2016,52.06000137,54.71668027,48.24560978,61.23653252
19,29/01/2016,55.09000015,54.91956391,48.69762208,61.43405271
20,01/02/2016,54.70999908,55.45784884,48.62994045,62.37824478
21,02/02/2016,53,55.76310337,48.82863985,62.28875724
22,03/02/2016,52.15999985,55.95746948,49.13090103,62.18164152
23,04/02/2016,52,56.12579923,49.26926169,62.94382348
24,05/02/2016,50.15999985,56.17941204,49.46792245,62.10981183
25,08/02/2016,49.40999985,56.22587232,49.90610657,62.67976594
26,09/02/2016,49.27999878,56.35955938,49.99351022,63.20843133
27,10/02/2016,49.70999908,56.38162312,49.42949831,62.67526765
28,11/02/2016,49.68999863,56.37842829,49.74774107,63.29072518
29,12/02/2016,50.5,56.26255745,50.11223333,62.83715386
30,16/02/2016,51.09000015,55.80164892,49.18599481,62.2552497
31,17/02/2016,52.41999817,55.67477012,49.15066494,62.18857854
32,18/02/2016,52.18999863,55.52733695,49.06915999,61.96694399
33,19/02/2016,51.81999969,55.27178476,48.90887757,61.44842492
34,22/02/2016,52.65000153,54.4369415,48.0034965,60.39530024
35,23/02/2016,51.18000031,54.29331845,47.88413647,60.5813932
36,24/02/2016,51.36000061,54.04648089,47.09224223,60.75185766
37,25/02/2016,52.09999847,53.78283257,47.04072594,60.35503947
38,26/02/2016,51.29999924,53.41504263,46.73116051,59.92149317
39,29/02/2016,50.88000107,52.27240731,45.67010539,58.35417517
40,01/03/2016,52.58000183,52.03845207,46.16221895,58.57330396
41,02/03/2016,52.95000076,51.70917205,45.66014496,58.03030983
42,03/03/2016,52.34999847,51.372253,45.10516418,58.27146881
43,04/03/2016,52.02999878,50.94175675,44.1391278,57.42613467
44,07/03/2016,51.02999878,49.68912916,43.12729407,56.49960383
45,08/03/2016,51.65000153,49.44941069,42.94600952,56.37445627
46,09/03/2016,52.84000015,49.13204443,42.45565029,55.91806936
47,10/03/2016,52.04999924,48.82582357,41.66785752,55.23677531
48,11/03/2016,53.06999969,48.44569677,41.81304157,55.15091154
49,14/03/2016,53.16999817,47.46688682,40.92482335,53.94649154
50,15/03/2016,53.59000015,47.35927686,41.0405845,54.31239475
51,16/03/2016,54.34999847,47.19351099,40.58310071,53.8424326
52,17/03/2016,54.65999985,47.05726972,40.63866852,53.69257536
53,18/03/2016,53.49000168,46.86402181,39.99189123,53.08283375
54,21/03/2016,53.86000061,46.52735132,39.48264707,53.47018048
55,22/03/2016,54.06999969,46.65285377,39.59532707,53.09905643
56,23/03/2016,53.97000122,46.72510053,40.64271368,53.55249536
57,24/03/2016,54.20999908,46.82875531,40.16248211,53.36944766
58,28/03/2016,53.54000092,47.21571516,40.8701844,53.98504961
59,29/03/2016,54.70999908,47.5449863,40.84755772,54.39156818
60,30/03/2016,55.04999924,47.8055101,41.21037204,54.40814063
61,31/03/2016,55.22999954,48.07975527,41.38401247,54.51991934
62,01/04/2016,55.56999969,48.2762464,41.59404808,54.96673721
63,04/04/2016,55.43000031,48.94095176,41.99443786,55.45640132
64,05/04/2016,54.56000137,49.33247339,42.88832485,55.75569506
65,06/04/2016,55.11999893,49.63249319,42.72602084,55.69257979
66,07/04/2016,54.45999908,49.92409241,43.56723099,56.42861183
67,08/04/2016,54.41999817,50.11679265,43.75559456,56.57564159
68,11/04/2016,54.31000137,50.65822192,43.60262783,57.11640429
69,12/04/2016,54.65000153,50.97767846,44.27077663,57.33939098
70,13/04/2016,55.34999847,51.19379115,44.78716947,57.81529049
71,14/04/2016,55.36000061,51.39199283,44.73200089,57.86301779
72,15/04/2016,55.65000153,51.48418171,45.00487852,57.70359008
73,18/04/2016,56.45999908,51.70431047,45.08910542,58.30563303
74,19/04/2016,56.38999939,51.91706158,45.33595161,57.90535035
75,20/04/2016,55.59000015,52.02967121,45.65436459,58.65650173
76,21/04/2016,55.77999878,52.129008,45.94752164,58.58803904
77,22/04/2016,51.77999878,52.12812689,45.77550038,58.71247922
78,25/04/2016,52.11000061,52.11100325,45.1909417,59.14619873
79,26/04/2016,51.43999863,52.2596152,44.92255602,58.81335637
80,27/04/2016,50.93999863,52.31537172,45.54348169,59.0699792
81,28/04/2016,49.90000153,52.36468365,46.359107,59.14226255
82,29/04/2016,49.86999893,52.31996562,45.61473798,58.95788124
83,02/05/2016,50.61000061,52.20020041,45.81871073,58.80064527
84,03/05/2016,49.77999878,52.32116553,46.14113311,59.27758487
85,04/05/2016,49.86999893,52.3510378,46.17336461,59.02095428
86,05/05/2016,49.93999863,52.37541014,45.66579053,58.00068628
87,06/05/2016,50.38999939,52.30599576,46.13144889,58.42881361
88,09/05/2016,50.06999969,52.10894104,46.04224583,58.75366698
89,10/05/2016,51.02000046,52.20244367,46.01823186,58.76855248
90,11/05/2016,51.04999924,52.20417944,46.0718573,58.59237473
91,12/05/2016,51.50999832,52.20013779,45.78794377,58.44212499
92,13/05/2016,51.08000183,52.10260496,44.9988848,58.92377155
93,16/05/2016,51.83000183,51.83082723,45.11347695,58.23233946
94,17/05/2016,50.50999832,51.90573477,45.35967514,58.1339462
95,18/05/2016,50.81000137,51.89368958,45.38749253,58.3253071
96,19/05/2016,50.31999969,51.88165222,45.55813636,58.2660755
97,20/05/2016,50.61999893,51.78280452,45.15283656,58.63057675
98,23/05/2016,50.02999878,51.55415392,45.01208504,57.43892691
99,24/05/2016,51.59000015,51.66055843,44.77285446,57.92900298
100,25/05/2016,52.11999893,51.68874254,45.58744277,58.15220981
101,26/05/2016,51.88999939,51.72540648,45.45190653,58.30367085
102,27/05/2016,52.31999969,51.68321964,45.28270668,57.88261893
103,31/05/2016,53,51.8486216,45.15261212,58.36175712
104,01/06/2016,52.84999847,51.95753193,45.00190521,58.39674283
105,02/06/2016,52.47999954,52.07533897,45.16635799,58.89889531
106,03/06/2016,51.79000092,52.11300752,45.08596994,58.78963406
107,06/06/2016,52.13000107,52.30831976,45.29756278,58.44963865
108,07/06/2016,52.09999847,52.55165274,46.18649698,59.31184752
109,08/06/2016,52.04000092,52.7099165,46.48328051,59.19336511
110,09/06/2016,51.61999893,52.86716151,46.49802436,59.20471374
111,10/06/2016,51.47999954,52.93361758,46.1233398,59.44759328
112,13/06/2016,50.13999939,53.14858914,46.55830303,59.54717326
113,14/06/2016,49.83000183,53.3769102,46.53394721,59.99669131
114,15/06/2016,49.68999863,53.51051273,46.82162155,59.66730389
115,16/06/2016,50.38999939,53.634576,47.21935047,60.04738193
116,17/06/2016,50.13000107,53.66071941,46.9426594,60.55633694
117,20/06/2016,50.06999969,53.72888926,46.78997646,60.23470312
118,21/06/2016,51.18999863,53.90594389,47.32156459,59.91111307
119,22/06/2016,50.99000168,53.99037814,47.01534615,60.32430605
120,23/06/2016,51.90999985,54.06927151,47.73476118,60.76270528
121,24/06/2016,49.83000183,54.0560169,47.69816886,60.67703052
122,27/06/2016,48.43000031,54.05523315,46.92617387,61.00121906
123,28/06/2016,49.43999863,54.22918821,47.77165897,60.74078986
124,29/06/2016,50.54000092,54.32136009,47.79120607,60.83549769
125,30/06/2016,51.16999817,54.50293508,47.54933678,61.11082677
126,01/07/2016,51.15999985,54.60275351,48.07958118,60.93420828
127,05/07/2016,51.16999817,55.31045993,48.80513313,62.06648293
128,06/07/2016,51.38000107,55.54846497,48.91112435,61.78326454
129,07/07/2016,51.38000107,55.7923418,49.63812872,62.32906692
130,08/07/2016,52.29999924,55.95261977,49.49971932,62.0935725
131,11/07/2016,52.59000015,56.48883451,49.99541959,63.2397127
132,12/07/2016,53.20999908,56.83423758,50.01999319,63.78230795
133,13/07/2016,53.50999832,57.08728075,50.27451653,64.25163366
134,14/07/2016,53.74000168,57.33102256,50.74087478,63.66428377
135,15/07/2016,53.70000076,57.47467699,50.94894515,63.95655392
136,18/07/2016,53.95999908,57.8555237,51.74660446,65.03939117
137,19/07/2016,53.09000015,58.11420492,51.06761942,65.19099964
138,20/07/2016,55.90999985,58.26443771,51.35850829,64.91357022
139,21/07/2016,55.79999924,58.39085356,51.54584876,64.80551293
140,22/07/2016,56.56999969,58.40470248,51.83819487,64.47558011
141,25/07/2016,56.72999954,58.34755491,51.86474495,64.73235902
142,26/07/2016,56.75999832,58.45433992,51.93505555,65.36416534
143,27/07/2016,56.18999863,58.45536462,50.91951657,64.8230193
144,28/07/2016,56.20999908,58.43875082,51.96671071,65.00061278
145,29/07/2016,56.68000031,58.31917815,52.03630933,65.35064813
146,01/08/2016,56.58000183,57.95078949,51.66946707,64.55884772
147,02/08/2016,56.58000183,57.99235121,51.28376748,64.31501666
148,03/08/2016,56.97000122,57.95074962,51.09133223,64.49063218
149,04/08/2016,57.38999939,57.91531161,50.91535948,63.95762978
150,05/08/2016,57.95999908,57.80132048,51.4026269,64.74002911
151,08/08/2016,58.06000137,57.59260759,50.8852001,64.28476298
152,09/08/2016,58.20000076,57.73067673,51.40494532,64.22033819
153,10/08/2016,58.02000046,57.80352068,50.96416136,64.43057616
154,11/08/2016,58.29999924,57.89742386,51.44548104,64.46247481
155,12/08/2016,57.93999863,57.92417154,51.22346112,64.15784706
156,15/08/2016,58.11999893,58.16609176,52.02476176,64.85294951
157,16/08/2016,57.43999863,58.44956705,51.92404817,65.57528304
158,17/08/2016,57.56000137,58.65818463,52.02494926,65.0907896
159,18/08/2016,57.59999847,58.87407553,52.33904127,65.64387872
160,19/08/2016,57.61999893,59.0051525,52.67805176,65.87481965
161,22/08/2016,57.66999817,59.42176161,52.65686615,66.06022525
162,23/08/2016,57.88999939,59.70933435,53.11684393,66.1705451
163,24/08/2016,57.95000076,59.89259126,53.2027367,66.7019984
164,25/08/2016,58.16999817,60.0533067,53.74828538,66.71072013
165,26/08/2016,58.02999878,60.09979108,53.95475326,66.5182047
166,29/08/2016,58.09999847,60.13544296,52.98149636,66.38190469
167,30/08/2016,57.88999939,60.25077555,53.57849586,67.16332878
168,31/08/2016,57.45999908,60.24497183,53.62297986,67.16005823
169,01/09/2016,57.59000015,60.20404507,53.57682585,66.79487657
170,02/09/2016,57.66999817,60.04090849,52.74693199,66.33881059
171,06/09/2016,57.61000061,59.32625992,52.80906037,65.8492714
172,07/09/2016,57.65999985,59.13301126,52.67069582,65.70240653
173,08/09/2016,57.43000031,58.92519378,52.18210711,65.79855711
174,09/09/2016,56.20999908,58.6194921,51.81423131,65.49141925
175,12/09/2016,57.04999924,57.74018724,51.31264959,64.32003976
176,13/09/2016,56.52999878,57.63165659,51.22663172,64.27600035
177,14/09/2016,56.25999832,57.45152548,50.70342626,63.67647302
178,15/09/2016,57.18999863,57.28952188,50.8853788,63.91246361
179,16/09/2016,57.25,57.06101469,49.96976064,63.06685344
180,19/09/2016,56.93000031,56.57752551,49.8010447,62.98650121
181,20/09/2016,56.81000137,56.64449428,50.23810386,63.37936584
182,21/09/2016,57.75999832,56.65477745,50.12459288,63.06653038
183,22/09/2016,57.81999969,56.69344197,49.95215161,62.63597368
184,23/09/2016,57.43000031,56.67100109,50.04331764,63.30036695
185,26/09/2016,56.90000153,56.78928423,50.39604955,63.38688058
186,27/09/2016,57.95000076,57.03589017,50.45783628,63.42524088
187,28/09/2016,58.02999878,57.20840831,50.5038784,63.80178234
188,29/09/2016,57.40000153,57.38846301,50.74367967,63.54912901
189,30/09/2016,57.59999847,57.48372568,51.0159248,64.18151913
190,03/10/2016,57.41999817,57.79490142,50.68989352,64.39284157
191,04/10/2016,57.24000168,58.05006365,51.4642586,64.34205352
192,05/10/2016,57.63999939,58.20398319,51.79600253,64.83373423
193,06/10/2016,57.74000168,58.33980725,51.81641798,64.83997977
194,07/10/2016,57.79999924,58.36739784,52.14358654,64.75096861
195,10/10/2016,58.04000092,58.36529248,52.15071067,65.08483114
196,11/10/2016,57.18999863,58.49157946,51.98689669,65.21479904
197,12/10/2016,57.11000061,58.51126716,52.07416896,65.60957713
198,13/10/2016,56.91999817,58.51180669,51.60607431,65.0213971
199,14/10/2016,57.41999817,58.40731718,52.10649325,65.01780262
200,17/10/2016,57.22000122,58.06761235,51.73468159,64.46458703
201,18/10/2016,57.65999985,58.11224884,51.49678198,64.71315457
202,19/10/2016,57.52999878,58.07017078,51.11352619,64.80906749
203,20/10/2016,57.25,58.03060679,51.27860655,64.18573149
204,21/10/2016,59.65999985,57.90879007,51.41110366,64.5672764
205,24/10/2016,61,57.65454641,51.2370251,64.12631313
206,25/10/2016,60.99000168,57.77034247,51.11399492,64.49902106
207,26/10/2016,60.63000107,57.81760152,51.33372532,64.6213428
208,27/10/2016,60.09999847,57.88282265,51.02026608,64.23639069
209,28/10/2016,59.86999893,57.8780617,51.21298034,64.33112763
210,31/10/2016,59.91999817,58.01217098,51.43138227,64.5943502
211,01/11/2016,59.79999924,58.25686919,51.49873789,64.5251129
212,02/11/2016,59.43000031,58.42628138,51.81102209,65.06919636
213,03/11/2016,59.20999908,58.6032572,51.72542868,65.28807973
214,04/11/2016,58.70999908,58.69650959,52.03872073,65.11593322
215,07/11/2016,60.41999817,59.01530477,52.1375491,65.32371501
216,08/11/2016,60.47000122,59.27883816,52.86814203,65.5981619
217,09/11/2016,60.16999817,59.44411693,52.67987472,66.0059958
218,10/11/2016,58.70000076,59.59400925,53.24431577,66.0891578
219,11/11/2016,59.02000046,59.63790765,53.16516656,66.03760627
220,14/11/2016,58.11999893,59.69117313,52.71717093,66.15689403
221,15/11/2016,58.86999893,59.83519682,53.24100978,66.31890544
222,16/11/2016,59.65000153,59.87068248,53.04109924,66.01999503
223,17/11/2016,60.63999939,59.88412682,53.44789664,66.29724219
224,18/11/2016,60.34999847,59.78874226,52.77333311,66.36004196
225,21/11/2016,60.86000061,59.44592025,52.91365348,65.6659296
226,22/11/2016,61.11999893,59.47751429,53.43498384,65.76960646
227,23/11/2016,60.40000153,59.41588661,52.7564906,65.949825
228,25/11/2016,60.52999878,59.19602739,52.71938949,66.01680449
229,28/11/2016,60.61000061,58.81142001,52.25703392,65.24519152
230,29/11/2016,61.09000015,58.87525016,52.2538254,65.51206631
231,30/11/2016,60.25999832,58.86794706,52.75705934,65.28255083
232,01/12/2016,59.20000076,58.87718566,52.39735325,65.13861172
233,02/12/2016,59.25,58.81627391,52.36995908,65.31833403
234,05/12/2016,60.22000122,58.79383302,52.11734733,65.12212227
235,06/12/2016,59.95000076,58.9944896,52.35963969,65.54004011
236,07/12/2016,61.36999893,59.12582538,52.52819884,65.15154988
237,08/12/2016,61.00999832,59.27163926,52.72623206,65.57833184
238,09/12/2016,61.97000122,59.34142669,53.00267425,65.64845719
239,12/12/2016,62.16999817,59.64086597,52.83757029,66.40187163
240,13/12/2016,62.97999954,59.91548779,53.1147507,66.28411485
241,14/12/2016,62.68000031,60.10032155,54.08242653,66.52673026
242,15/12/2016,62.58000183,60.27771864,53.79021588,67.55708931
243,16/12/2016,62.29999924,60.35634812,53.57574917,66.95861061
244,19/12/2016,63.61999893,60.54729777,54.40408837,67.0022936
245,20/12/2016,63.54000092,60.74442073,54.27286739,67.44674272
246,21/12/2016,63.54000092,60.83441822,54.24174422,67.41179576
247,22/12/2016,63.54999924,60.90243135,54.54057899,67.5420187
248,23/12/2016,63.24000168,60.83065868,54.5648285,67.57562564
249,27/12/2016,63.27999878,60.5782679,53.91555151,67.0210676
250,28/12/2016,62.99000168,60.51815078,53.52685912,66.73237878
251,29/12/2016,62.90000153,60.44779696,53.50664029,66.75426644
252,30/12/2016,62.13999939,60.2826136,53.8055745,66.88225864
253,03/01/2017,62.58000183,59.86559327,53.14943097,66.0709357
254,04/01/2017,62.29999924,59.82619788,53.44107745,66.23379665
255,05/01/2017,62.29999924,59.80311528,53.29763169,66.64060112
256,06/01/2017,62.84000015,59.71155651,53.43289501,66.27227931
257,09/01/2017,62.63999939,59.6286835,52.97800813,66.76954466
258,10/01/2017,62.61999893,59.82733749,53.45834079,66.01975282
259,11/01/2017,63.18999863,59.96962043,53.22348147,66.50408012
260,12/01/2017,62.61000061,60.14157806,53.76155415,66.7145192
261,13/01/2017,62.70000076,60.25481958,53.77534062,66.75918459
262,17/01/2017,62.52999878,61.21036065,54.60485197,67.64019065
263,18/01/2017,62.5,61.54849691,55.06203037,68.32137695
264,19/01/2017,62.29999924,61.90348987,55.17674058,67.89721105
265,20/01/2017,62.74000168,62.18383352,55.93225083,69.11944325
266,23/01/2017,62.95999908,63.11601235,56.76542551,69.79926487
267,24/01/2017,63.52000046,63.60038337,56.9525192,69.94889373
268,25/01/2017,63.68000031,63.99398957,57.43430432,70.33967402
269,26/01/2017,64.26999664,64.37910006,57.48552285,70.88629734
270,27/01/2017,65.77999878,64.66434984,58.22602178,71.33274557
271,30/01/2017,65.12999725,65.46802236,59.33129683,72.24510389
272,31/01/2017,64.65000153,65.86640078,59.18848082,72.11996474
273,01/02/2017,63.58000183,66.15548887,59.23282693,72.97953759
274,02/02/2017,63.16999817,66.41971441,59.65375062,72.50751812
275,03/02/2017,63.68000031,66.56999719,59.59532207,72.28969493
276,06/02/2017,63.63999939,66.90765155,60.17157919,73.92691439
277,07/02/2017,63.43000031,67.13786218,60.53621305,73.52874662
278,08/02/2017,63.34000015,67.25583079,60.84660981,73.80160445
279,09/02/2017,64.05999756,67.34778638,61.1561754,74.43153495
280,10/02/2017,64,67.3262218,60.95035857,74.75222046
281,13/02/2017,64.72000122,67.16286083,60.80690463,73.48754755
282,14/02/2017,64.56999969,67.23364684,60.22443602,74.30409725
283,15/02/2017,64.52999878,67.19675899,60.52872448,74.14220915
284,16/02/2017,64.51999664,67.13858512,61.3701929,73.89354015
285,17/02/2017,64.62000275,66.97161632,60.46662628,73.25948688
286,21/02/2017,64.48999786,66.34128888,59.92978792,73.0559531
287,22/02/2017,64.36000061,66.17985197,59.67934295,72.52937067
288,23/02/2017,64.62000275,66.00080083,59.09976625,72.57566644
289,24/02/2017,64.62000275,65.70201103,59.28445721,71.94619446
290,27/02/2017,64.23000336,64.75880767,58.40478864,71.40844362
291,28/02/2017,63.97999954,64.58802114,58.27103416,70.99729316
292,01/03/2017,64.94000244,64.31980916,57.87134944,71.20112178
293,02/03/2017,64.01000214,64.0415734,57.28167011,70.48063769
294,03/03/2017,64.25,63.66709308,56.9337419,70.30675941
295,06/03/2017,64.26999664,62.56390782,55.63136731,69.27334006
296,07/03/2017,64.40000153,62.3670773,55.81536852,68.66938085
297,08/03/2017,64.98999786,62.08887721,55.36557603,68.5756944
298,09/03/2017,64.73000336,61.81802455,55.13948092,68.64785155
299,10/03/2017,64.93000031,61.46945377,55.30782577,68.03114061
300,13/03/2017,64.70999908,60.56330941,54.16677632,66.99506184
301,14/03/2017,64.41000366,60.47322666,54.14750858,67.4568338
302,15/03/2017,64.75,60.32213203,54.06851172,67.42894955
303,16/03/2017,64.63999939,60.19809655,54.00622129,66.8486075
304,17/03/2017,64.87000275,60.01503516,53.10204285,66.51747122
305,20/03/2017,64.93000031,59.70192461,52.97099653,65.61135046
306,21/03/2017,64.20999908,59.83479859,53.12380511,66.64248222
307,22/03/2017,65.02999878,59.91513452,53.13753601,66.61035295
308,23/03/2017,64.87000275,60.02816517,52.86078032,66.47029039
309,24/03/2017,64.98000336,60.08481691,53.69624587,66.35979945
310,27/03/2017,65.09999847,60.47588948,54.52836767,67.29938795
311,28/03/2017,65.29000092,60.82836421,53.68290979,67.02143864
312,29/03/2017,65.47000122,61.115963,54.33090027,67.52980209
313,30/03/2017,65.70999908,61.42136177,54.64847799,67.76448685
314,31/03/2017,65.86000061,61.65321339,54.68878171,68.30588514
315,03/04/2017,65.55000305,62.4493234,55.34092605,68.69987029
316,04/04/2017,65.73000336,62.89272813,56.37798613,69.51069857
317,05/04/2017,65.55999756,63.24831419,57.11832156,69.91685838
318,06/04/2017,65.73000336,63.5988558,57.42325304,69.9113266
319,07/04/2017,65.68000031,63.85351799,57.03418222,69.98095961
320,10/04/2017,65.52999878,64.59486194,57.67638621,71.28644358
321,11/04/2017,65.48000336,64.98417438,58.05964246,71.68583476
322,12/04/2017,65.23000336,65.27101456,58.68100332,72.19520435
323,13/04/2017,64.94999695,65.54039142,58.58559837,71.90304172
324,17/04/2017,65.48000336,66.13451218,59.82900395,72.9206984
325,18/04/2017,65.38999939,66.41552488,59.75096766,72.87065818
326,19/04/2017,65.04000092,66.59511418,60.28075175,73.33433829
327,20/04/2017,65.5,66.76004228,60.06817507,73.72414578
328,21/04/2017,66.40000153,66.82331262,60.13505344,73.04282155
329,24/04/2017,67.52999878,66.99024387,60.20411551,73.47883495
330,25/04/2017,67.91999817,67.19770257,60.75263468,74.12264151
331,26/04/2017,67.83000183,67.31128459,60.66857519,74.0390066
332,27/04/2017,68.26999664,67.41757301,60.6858622,73.83855669
333,28/04/2017,68.45999908,67.42916499,61.35675353,73.81951122
334,01/05/2017,69.41000366,67.47612848,60.7234123,74.16683096
335,02/05/2017,69.30000305,67.65246925,61.22733332,74.50661457
336,03/05/2017,69.08000183,67.73782575,61.12655112,74.24955277
337,04/05/2017,68.80999756,67.81786974,61.30608678,74.2672298
338,05/05/2017,69,67.80435685,61.15299342,74.38920625
339,08/05/2017,68.94000244,67.77623462,60.86786507,73.96316078
340,09/05/2017,69.04000092,67.92622019,61.47664522,74.59979855
341,10/05/2017,69.30999756,67.98432243,61.46346793,74.62367652
342,11/05/2017,68.45999908,68.03636853,61.3601359,74.98999592
343,12/05/2017,68.37999725,67.99446387,61.39164974,74.12862381
344,15/05/2017,68.43000031,67.88488387,61.59468132,74.76653454
345,16/05/2017,69.41000366,68.01166818,61.78719348,74.71822509
346,17/05/2017,67.48000336,68.05012833,61.35519193,74.49865515
347,18/05/2017,67.70999908,68.08709688,61.45065411,74.26539566
348,19/05/2017,67.69000244,68.03566256,61.00524503,74.6010823
349,22/05/2017,68.44999695,67.93939398,61.54183116,74.74472399
350,23/05/2017,68.68000031,68.08677019,61.61392324,74.70518925
351,24/05/2017,68.76999664,68.1545328,61.79305267,74.73879126
352,25/05/2017,69.62000275,68.22956216,61.91149222,74.99802869
353,26/05/2017,69.95999908,68.22474934,61.58252983,74.76700682
354,30/05/2017,70.41000366,68.53528827,61.88495362,74.58034001
355,31/05/2017,69.83999634,68.68095278,61.88869352,74.9750898
356,01/06/2017,70.09999847,68.83634361,62.75738867,75.5953295
357,02/06/2017,71.76000214,68.91272803,62.07151828,75.33187106
358,05/06/2017,72.27999878,69.23356205,62.16685614,76.37108925
359,06/06/2017,72.51999664,69.52251444,62.9306307,76.3140961
360,07/06/2017,72.38999939,69.72848684,63.14946072,76.42857761
361,08/06/2017,71.94999695,69.9355629,63.67856946,76.14147687
362,09/06/2017,70.31999969,70.05394409,63.85309025,76.85965367
363,12/06/2017,69.77999878,70.43605928,63.451882,76.67120609
364,13/06/2017,70.65000153,70.72320258,64.04900079,76.89353401
365,14/06/2017,70.26999664,70.91671816,64.1442389,77.06982561
366,15/06/2017,69.90000153,71.10145042,63.86491233,76.68446444
367,16/06/2017,70,71.1886593,64.42511844,77.73852347
368,19/06/2017,70.87000275,71.43867772,65.21627267,78.01815031
369,20/06/2017,69.91000366,71.67469581,64.9735845,78.21889213
370,21/06/2017,70.26999664,71.81672625,65.24655157,78.18538521
371,22/06/2017,70.26000214,71.95158396,65.28640843,78.95779128
372,23/06/2017,71.20999908,71.99865773,65.72908262,78.3133072
373,26/06/2017,70.52999878,72.16666013,65.45206455,78.71569493
374,27/06/2017,69.20999908,72.39278579,65.62360077,79.20610273
375,28/06/2017,69.80000305,72.53525536,66.03467476,79.03485833
376,29/06/2017,68.48999786,72.68133524,66.2633274,79.26616856
377,30/06/2017,68.93000031,72.74427889,66.15199695,79.21008172
378,03/07/2017,68.16999817,73.01985526,65.86791905,79.41539292
379,05/07/2017,69.08000183,73.49839809,66.55751489,80.23338843
380,06/07/2017,68.56999969,73.70566043,67.05271378,79.90501729
381,07/07/2017,69.45999908,73.83098054,67.43922856,80.2539587
382,10/07/2017,69.98000336,74.27634956,67.62658057,80.80161398
383,11/07/2017,69.98999786,74.59724136,67.80042326,80.9633775
384,12/07/2017,71.15000153,74.82903058,68.57018241,81.25196941
385,13/07/2017,71.76999664,75.05487396,68.37047158,81.40845909
386,14/07/2017,72.77999878,75.18399114,68.63212172,81.51448514
387,17/07/2017,73.34999847,75.54001383,68.41998117,81.85888505
388,18/07/2017,73.30000305,75.79575428,68.85944976,82.51997181
389,19/07/2017,73.86000061,75.94503226,69.2469194,82.46416115
390,20/07/2017,74.22000122,76.07195879,69.5406255,82.62357247
391,21/07/2017,73.79000092,76.08720546,69.2587068,82.70303789
392,24/07/2017,73.59999847,76.03323769,69.00693503,82.49552418
393,25/07/2017,74.19000244,76.13856735,69.75703277,82.48845787
394,26/07/2017,74.05000305,76.13582038,69.47479346,82.65254136
395,27/07/2017,73.16000366,76.11253933,69.49000714,82.56744322
396,28/07/2017,73.04000092,75.98288619,69.57237826,82.6345569
397,31/07/2017,72.69999695,75.55984295,69.17130082,82.16469185
398,01/08/2017,72.58000183,75.57423841,68.81178712,82.04228364
399,02/08/2017,72.26000214,75.50087351,68.93301833,82.06752888
400,03/08/2017,72.15000153,75.42918134,68.87555077,82.05236217
401,04/08/2017,72.68000031,75.27467275,68.39181062,81.64051115
402,07/08/2017,72.40000153,74.92282577,68.25629822,81.71008326
403,08/08/2017,72.79000092,75.00783457,68.56101797,81.32917863
404,09/08/2017,72.47000122,75.0260775,68.09199199,82.06991721
405,10/08/2017,71.41000366,75.06461212,68.39380016,81.27792783
406,11/08/2017,72.5,75.03603229,68.76442042,81.69823179
407,14/08/2017,73.58999634,75.120393,68.71513794,81.63456635
408,15/08/2017,73.22000122,75.35676137,68.81058197,82.31729068
409,16/08/2017,73.65000153,75.52214729,68.77874968,82.53604265
410,17/08/2017,72.40000153,75.69926159,68.70364787,82.24834466
411,18/08/2017,72.48999786,75.79649185,69.37921571,83.33171842
412,21/08/2017,72.15000153,76.14404116,69.12710978,82.98168968
413,22/08/2017,73.16000366,76.51465713,69.88279524,82.52613793
414,23/08/2017,72.72000122,76.78630846,70.16772864,83.37346237
415,24/08/2017,72.69000244,77.0404353,70.66759161,83.27575235
416,25/08/2017,72.81999969,77.18488214,71.05380597,83.67108259
417,28/08/2017,72.83000183,77.50115226,70.90310721,84.06578016
418,29/08/2017,73.05000305,77.71439826,70.78535565,84.79263042
419,30/08/2017,74.01000214,77.80722942,71.15803319,84.38654981
420,31/08/2017,74.76999664,77.86472521,71.51750072,84.34991638
421,01/09/2017,73.94000244,77.79886133,71.3667274,84.24144223
422,05/09/2017,73.61000061,77.44424228,70.58323629,84.07786267
423,06/09/2017,73.40000153,77.32995186,70.92568234,83.93979852
424,07/09/2017,74.33999634,77.19551132,70.3512979,83.76783848
425,08/09/2017,73.98000336,76.95724431,70.16227997,83.08095336
426,11/09/2017,74.76000214,76.24315826,69.82967776,82.83555077
427,12/09/2017,74.68000031,76.17760816,69.53863298,82.74409651
428,13/09/2017,75.20999908,76.03491158,69.36895085,82.27132007
429,14/09/2017,74.76999664,75.9053004,68.77316082,81.76956204
430,15/09/2017,75.30999756,75.70476633,68.66993951,82.64438714
431,18/09/2017,75.16000366,75.28632957,69.55872587,82.0085318
432,19/09/2017,75.44000244,75.37157366,68.43705554,81.57290321
433,20/09/2017,74.94000244,75.39995398,69.09962275,81.86644064
434,21/09/2017,74.20999908,75.45745501,69.31127185,81.8467261
435,22/09/2017,74.41000366,75.45547536,68.72457662,81.77454572
436,25/09/2017,73.26000214,75.6527952,68.67776626,82.30253612
437,26/09/2017,73.26000214,75.93381175,69.33257536,82.30749227
438,27/09/2017,73.84999847,76.14557938,69.93136879,82.54586119
439,28/09/2017,73.87000275,76.37001039,69.74176744,83.02345507
440,29/09/2017,74.48999786,76.5149233,69.57120302,83.13613452
441,02/10/2017,74.61000061,77.00602909,70.20698863,83.46724092
442,03/10/2017,74.26000214,77.33059015,70.06309085,83.96189628
443,04/10/2017,74.69000244,77.55785745,71.00989734,84.09007204
444,05/10/2017,75.97000122,77.77036314,71.33761153,84.2659167
445,06/10/2017,76,77.87727311,71.01108257,84.30188705
446,09/10/2017,76.29000092,78.12120903,71.5138769,85.01329625
447,10/10/2017,76.29000092,78.32951793,71.35476863,84.86014788
448,11/10/2017,76.41999817,78.42991553,71.82264878,85.03866415
449,12/10/2017,77.12000275,78.50912588,71.95232012,84.99591875
450,13/10/2017,77.48999786,78.48061149,71.94125977,84.85504405
451,16/10/2017,77.65000153,78.34750458,72.04987417,85.184936
452,17/10/2017,77.58999634,78.45274326,71.77658624,84.51443495
453,18/10/2017,77.61000061,78.46687065,71.87219884,84.74410416
454,19/10/2017,77.91000366,78.47915236,72.3984368,85.22329459
455,20/10/2017,78.80999756,78.40498797,71.52371777,85.2147454
456,23/10/2017,78.83000183,78.27199968,72.20169419,84.67489252
457,24/10/2017,78.86000061,78.42265206,71.80552213,85.02935192
458,25/10/2017,78.62999725,78.50302869,72.11425605,84.60622165
459,26/10/2017,78.76000214,78.60033963,71.8133052,84.51460896
460,27/10/2017,83.80999756,78.62738028,72.08367018,85.25678956
461,30/10/2017,83.88999939,78.86253681,72.0574139,85.42246096
462,31/10/2017,83.18000031,79.14509907,72.14614386,85.70284266
463,01/11/2017,83.18000031,79.35546887,72.60418335,86.22061224
464,02/11/2017,84.05000305,79.57697206,73.28446004,85.90968894
465,03/11/2017,84.13999939,79.71869411,73.03754359,86.51812357
466,06/11/2017,84.47000122,80.20852423,73.39928854,86.62585658
467,07/11/2017,84.26999664,80.53765041,73.4517448,86.84449436
468,08/11/2017,84.55999756,80.77252255,73.98003843,87.22629152
469,09/11/2017,84.08999634,80.99565874,74.35950718,87.61489276
470,10/11/2017,83.87000275,81.11599671,74.22278138,87.70362501
471,13/11/2017,83.93000031,81.41193023,74.72286042,87.40749038
472,14/11/2017,84.05000305,81.63904498,75.43353894,88.26178099
473,15/11/2017,82.98000336,81.75751283,75.32117567,89.12335849
474,16/11/2017,83.19999695,81.85309639,75.28627184,88.3609353
475,17/11/2017,82.40000153,81.83829763,75.50868785,88.16435879
476,20/11/2017,82.52999878,81.72157672,75.02844258,88.25063627
477,21/11/2017,83.72000122,81.8215861,75.42946528,88.16122345
478,22/11/2017,83.11000061,81.82427216,75.10336011,88.31143372
479,24/11/2017,83.26000214,81.72002492,75.3423936,88.61834923
480,27/11/2017,83.87000275,81.47683734,74.85842669,87.81704592
481,28/11/2017,84.87999725,81.58025409,74.76444127,87.70780371
482,29/11/2017,83.33999634,81.60948554,74.76668836,88.35280264
483,30/11/2017,84.16999817,81.65277687,75.34175382,88.95758615
484,01/12/2017,84.26000214,81.62407509,74.73862074,88.27986113
485,04/12/2017,81.08000183,81.69424298,75.13569143,88.47730428
486,05/12/2017,81.58999634,81.92684925,75.10152473,88.39554041
487,06/12/2017,82.77999878,82.0918513,76.30934823,88.72809001
488,07/12/2017,82.48999786,82.27369187,75.88257578,88.60814081
489,08/12/2017,84.16000366,82.38244304,76.07362068,88.97092251
490,11/12/2017,85.23000336,82.82083104,75.74105683,89.08065916
491,12/12/2017,85.58000183,83.15007259,76.51726593,89.60335618
492,13/12/2017,85.34999847,83.39386142,76.87698207,90.24638206
493,14/12/2017,84.69000244,83.63447597,77.11963062,90.21867467
494,15/12/2017,86.84999847,83.78039132,76.93897972,90.39689071
495,18/12/2017,86.37999725,84.12928782,77.47438522,90.81614562
496,19/12/2017,85.83000183,84.38428648,77.54211629,90.88691165
497,20/12/2017,85.51999664,84.53372454,78.11498134,90.70612642
498,21/12/2017,85.5,84.66202968,78.15132289,90.72629005
499,22/12/2017,85.51000214,84.68034707,78.37451052,91.36500859
500,26/12/2017,85.40000153,84.77456098,78.40999051,91.20901772
501,27/12/2017,85.70999908,84.79422913,78.39283171,91.38992211
502,28/12/2017,85.72000122,84.79975576,77.748916,90.93123138
503,29/12/2017,85.54000092,84.70611791,77.83073004,91.42356296
504,02/01/2018,85.94999695,84.52712755,77.57787097,91.43409396
505,03/01/2018,86.34999847,84.53502019,77.57547404,90.99927311
506,04/01/2018,87.11000061,84.55467491,77.60217556,90.95654754
507,05/01/2018,88.19000244,84.50166453,77.86614794,90.45644799
508,08/01/2018,88.27999878,84.51430186,77.84686831,90.59322372
509,09/01/2018,88.22000122,84.74011464,78.42290972,91.29040546
510,10/01/2018,87.81999969,84.9083638,78.60738555,91.53604992
511,11/01/2018,88.08000183,85.10582537,77.81855431,91.26250502
512,12/01/2018,89.59999847,85.24484268,78.94295116,91.63487849
513,16/01/2018,88.34999847,86.3200844,79.65752121,92.63989137
514,17/01/2018,90.13999939,86.69535227,79.91631925,93.39541072
515,18/01/2018,90.09999847,87.09134625,80.81827733,93.82084293
516,19/01/2018,90,87.41690897,80.59735511,93.9206189
517,22/01/2018,91.61000061,88.51214287,81.89615817,95.03763713
518,23/01/2018,91.90000153,89.06022524,82.50056071,95.5971559
519,24/01/2018,91.81999969,89.52211084,83.05380393,96.22504916
520,25/01/2018,92.33000183,89.97987843,83.14545702,96.40205027
521,26/01/2018,94.05999756,90.34190215,83.0432206,96.96701074
522,29/01/2018,93.91999817,91.39715528,84.99381971,97.66467258
523,30/01/2018,92.73999786,91.88513841,84.6622574,98.38401551
524,31/01/2018,95.01000214,92.26597898,85.85411184,98.56124659
525,01/02/2018,94.26000214,92.62366386,86.24790486,99.29387019
526,02/02/2018,91.77999878,92.86868392,85.68118418,99.26336605
527,05/02/2018,88,93.4943141,86.82452861,99.65624507
528,06/02/2018,91.33000183,93.82065296,87.47278883,100.4250497
529,07/02/2018,89.61000061,94.03436928,87.97852117,101.1106497
530,08/02/2018,85.01000214,94.22149536,87.71850843,100.5009282
531,09/02/2018,88.18000031,94.29437631,87.52658897,101.4822252
532,12/02/2018,89.12999725,94.4092038,87.86766633,100.6221542
533,13/02/2018,89.83000183,94.57093065,88.34060973,101.2116091
534,14/02/2018,90.80999756,94.62412729,88.39009808,100.9261179
535,15/02/2018,92.66000366,94.65523292,88.31093878,101.6763922
536,16/02/2018,92,94.57679719,87.59553468,101.1013411
537,20/02/2018,92.72000122,94.09427665,87.35789948,100.877145
538,21/02/2018,91.48999786,93.96824718,87.65992819,100.5012035
539,22/02/2018,91.73000336,93.82392133,87.24340227,100.2265256
540,23/02/2018,94.05999756,93.5737369,87.17516787,100.20822
541,26/02/2018,95.41999817,92.77022495,86.0227632,98.95283501
542,27/02/2018,94.19999695,92.64329621,86.03548728,99.17867349
543,28/02/2018,93.76999664,92.41718479,86.25647748,99.05081798
544,01/03/2018,92.84999847,92.17901909,85.10422726,98.63290129
545,02/03/2018,93.05000305,91.84229533,85.16562439,98.11653388
546,05/03/2018,93.63999939,90.83571307,84.18433304,97.80423634
547,06/03/2018,93.31999969,90.66468177,84.21102625,97.29810931
548,07/03/2018,93.86000061,90.40873186,83.72503626,96.77149941
549,08/03/2018,94.43000031,90.15643562,83.33386068,96.84140309
550,09/03/2018,96.54000092,89.82263675,83.08594323,96.54350997
551,12/03/2018,96.76999664,88.93812985,82.62533506,95.21527859
552,13/03/2018,94.41000366,88.84804884,82.30727858,95.40851179
553,14/03/2018,93.84999847,88.69369965,81.95554354,95.22784247
554,15/03/2018,94.18000031,88.56346547,81.8082726,94.95005269
555,16/03/2018,94.59999847,88.37163682,81.84954581,95.01040783
556,19/03/2018,92.88999939,88.0213819,81.05004076,94.99598183
557,20/03/2018,93.12999725,88.13999354,81.18332149,94.99625838
558,21/03/2018,92.48000336,88.20606221,81.57526302,94.63747676
559,22/03/2018,89.79000092,88.30539907,81.82692715,95.28652288
560,23/03/2018,87.18000031,88.34950298,81.68995425,95.15219293
561,26/03/2018,93.77999878,88.71518823,82.05414442,95.10602007
562,27/03/2018,89.47000122,89.0648837,82.26373012,95.43691717
563,28/03/2018,89.38999939,89.35320994,82.7648961,96.13685189
564,29/03/2018,91.26999664,89.66314377,83.10427862,96.2027182
565,02/04/2018,88.51999664,90.75066778,84.68982113,97.72775769
566,03/04/2018,89.70999908,91.21946029,84.51246622,98.13253573
567,04/04/2018,92.33000183,91.60441773,85.32068184,97.66849787
568,05/04/2018,92.37999725,91.98808183,85.31878794,98.56898648
569,06/04/2018,90.23000336,92.2793244,85.13952391,98.77423354
570,09/04/2018,90.76999664,93.14750709,86.91482216,99.58445066
571,10/04/2018,92.87999725,93.58341588,87.25428012,100.5047468
572,11/04/2018,91.86000061,93.91827601,87.47275383,100.0328115
573,12/04/2018,93.58000183,94.2366534,87.8092234,100.5426831
574,13/04/2018,93.08000183,94.44961987,87.68753793,100.8273293
575,16/04/2018,94.16999817,95.02841703,88.4048688,101.2727283
576,17/04/2018,96.06999969,95.35750913,88.84779048,101.6302077
577,18/04/2018,96.44000244,95.58410766,88.75012562,102.0281561
578,19/04/2018,96.11000061,95.79479796,89.38728617,101.7912195
579,20/04/2018,95,95.90246353,89.57563143,102.2320509
580,23/04/2018,95.34999847,96.19398925,89.17887716,102.5942674
581,24/04/2018,93.12000275,96.44023358,90.16380122,102.9690789
582,25/04/2018,92.30999756,96.59139244,90.10920374,102.9310848
583,26/04/2018,94.26000214,96.73419602,89.90503842,103.2612412
584,27/04/2018,95.81999969,96.78140978,90.15751779,103.5079733
585,30/04/2018,93.51999664,96.93169608,90.30971176,103.1609563
586,01/05/2018,95,97.14188738,90.96350756,103.3638702
587,02/05/2018,93.51000214,97.26105857,90.08241273,103.7048743
588,03/05/2018,94.06999969,97.3750008,91.33991388,103.7600636
589,04/05/2018,95.16000366,97.39555716,90.8568079,104.3836556
590,07/05/2018,96.22000122,97.47099578,90.59575724,104.0198272
591,08/05/2018,95.80999756,97.65587033,91.2323662,104.6822066
592,09/05/2018,96.94000244,97.74891199,91.08091751,104.5241555
593,10/05/2018,97.91000366,97.83581792,91.32757819,104.6716371
594,11/05/2018,97.69999695,97.82853693,90.7506325,104.4374314
595,14/05/2018,98.02999878,97.81958454,91.32183034,104.6041691
596,15/05/2018,97.31999969,97.97818725,91.50288156,104.4927278
597,16/05/2018,97.15000153,98.04729345,91.24279302,104.5878575
598,17/05/2018,96.18000031,98.11357333,91.6353076,104.6934754
599,18/05/2018,96.36000061,98.08997987,91.33540372,104.6086738
600,21/05/2018,97.59999847,98.06758713,91.54064934,104.4261943
601,22/05/2018,97.5,98.23631024,91.61215548,104.7816894
602,23/05/2018,98.66000366,98.32386563,91.86367011,105.1803769
603,24/05/2018,98.30999756,98.41725653,91.58191059,105.1021749
604,25/05/2018,98.36000061,98.42954306,92.26757066,104.8243885
605,29/05/2018,98.01000214,98.80061904,91.88476618,105.3688024
606,30/05/2018,98.94999695,98.96090003,92.81087941,105.5131932
607,31/05/2018,98.83999634,99.13133693,93.21273777,105.9250663
608,01/06/2018,100.7900009,99.22351847,92.57470668,105.9268043
609,04/06/2018,101.6699982,99.59919769,92.48242918,106.626042
610,05/06/2018,102.1900024,99.90974477,93.4588923,106.2815473
611,06/06/2018,102.4899979,100.1392764,93.89383184,106.810854
612,07/06/2018,100.8799973,100.3719832,93.18681184,107.1031565
613,08/06/2018,101.6299973,100.518115,93.73486989,107.2013365
614,11/06/2018,101.0500031,100.9957644,94.42519538,107.2502919
615,12/06/2018,101.3099976,101.3183991,94.9779932,108.1115715
616,13/06/2018,100.8499985,101.5488656,94.73427143,107.627466
617,14/06/2018,101.4199982,101.7717183,95.78326036,108.6243688
618,15/06/2018,100.1299973,101.89789,95.20476187,108.6605779
619,18/06/2018,100.8600006,102.2662378,95.69347324,108.1272641
620,19/06/2018,100.8600006,102.5409398,95.84285073,109.1047166
621,20/06/2018,101.8700027,102.7206787,96.20836844,109.5847172
622,21/06/2018,101.1399994,102.891951,96.58492022,109.7744152
623,22/06/2018,100.4100037,102.9676623,96.03503317,109.4801282
624,25/06/2018,98.38999939,103.2102115,96.56029065,109.5626825
625,26/06/2018,99.08000183,103.457075,96.73226539,110.1388649
626,27/06/2018,97.54000092,103.6182448,96.83496104,110.1235047
627,28/06/2018,98.62999725,103.78111,97.61633398,110.6437277
628,29/06/2018,98.61000061,103.8591192,97.91399989,110.5642126
629,02/07/2018,100.0100021,104.1725169,97.40155067,110.440849
630,03/07/2018,99.05000305,104.4622697,97.78947488,110.7907174
631,05/07/2018,99.76000214,104.8933942,97.97664332,111.1466262
632,06/07/2018,101.1600037,105.0319263,98.51620005,111.4313432
633,09/07/2018,101.8499985,105.5279146,99.28138919,112.4731963
634,10/07/2018,102.1200027,105.8706624,98.65530951,111.9685242
635,11/07/2018,101.9800034,106.1273211,99.17012711,112.3452867
636,12/07/2018,104.1900024,106.381253,99.69178881,112.5713837
637,13/07/2018,105.4300003,106.5417981,100.2135108,113.2669921
638,16/07/2018,104.9100037,107.0119562,100.4954417,113.2500155
639,17/07/2018,105.9499969,107.3118196,100.6516656,113.8798229
640,18/07/2018,105.1200027,107.5077565,101.0075156,113.7886481
641,19/07/2018,104.4000015,107.6834474,100.8850261,114.2164711
642,20/07/2018,106.2699966,107.74906,101.1531159,114.4653359
643,23/07/2018,107.9700012,107.8499273,101.3158949,114.5381491
644,24/07/2018,107.6600037,108.0059859,101.7317155,114.6895082
645,25/07/2018,110.8300018,108.052436,101.610041,114.7854711
646,26/07/2018,109.6200027,108.0761881,101.6931548,115.0359971
647,27/07/2018,107.6800003,107.9908123,101.8423771,114.7881956
648,30/07/2018,105.3700027,107.6791024,101.4888537,113.7059279
649,31/07/2018,106.0800018,107.722212,101.173397,114.6112639
650,01/08/2018,106.2799988,107.6730018,101.1235597,114.2125486
651,02/08/2018,107.5699997,107.6208599,100.965838,114.1892118
652,03/08/2018,108.0400009,107.4813727,100.5773296,114.3543425
653,06/08/2018,108.1299973,107.1499798,100.4210246,114.1917042
654,07/08/2018,108.8799973,107.2350254,101.0212958,114.360358
655,08/08/2018,109.4899979,107.2508773,100.1737334,113.886392
656,09/08/2018,109.6699982,107.2852949,100.6531225,113.4820178
657,10/08/2018,109,107.2516331,100.771676,114.2855346
658,13/08/2018,108.2099991,107.3230529,100.4666016,113.817836
659,14/08/2018,109.5599976,107.5585883,100.2826468,113.9453565
660,15/08/2018,107.6600037,107.7261636,101.4032448,114.0642323
661,16/08/2018,107.6399994,107.9091831,101.637323,114.7336579
662,17/08/2018,107.5800018,108.0166378,101.1933118,114.5452033
663,20/08/2018,106.8700027,108.4252112,101.8098299,114.9582142
664,21/08/2018,105.9800034,108.7321949,102.4209083,115.5757143
665,22/08/2018,107.0599976,108.9457873,102.0302924,115.8553665
666,23/08/2018,107.5599976,109.1472685,101.9381552,116.1633062
667,24/08/2018,108.4000015,109.2441828,102.8419646,116.1210554
668,27/08/2018,109.5999985,109.4435887,103.1384137,116.1941447
669,28/08/2018,110.2600021,109.6242434,103.0173346,116.7288278
670,29/08/2018,112.0199966,109.6863308,102.7995415,115.8916052
671,30/08/2018,111.9499969,109.7140344,102.9002306,116.5101585
672,31/08/2018,112.3300018,109.6184008,103.0023117,116.3474187
673,04/09/2018,111.7099991,109.1265031,102.9274568,115.4462436
674,05/09/2018,108.4899979,108.9691036,101.9134324,115.7634454
675,06/09/2018,108.7399979,108.7866107,102.2575763,114.9764229
676,07/09/2018,108.2099991,108.4948216,102.1763899,115.4413738
677,10/09/2018,109.3799973,107.5841095,101.0833733,114.1564915
678,11/09/2018,111.2399979,107.4406452,100.9997814,114.4311014
679,12/09/2018,111.7099991,107.2140456,100.8715737,114.164233
680,13/09/2018,112.9100037,106.9948796,100.6298756,113.8980345
681,14/09/2018,113.3700027,106.699611,100.2281673,113.3657523
682,17/09/2018,112.1399994,105.9723524,99.53141881,112.6134386
683,18/09/2018,113.2099991,105.9490618,99.1925115,112.4435027
684,19/09/2018,111.6999969,105.8675733,99.00371339,112.46593
685,20/09/2018,113.5699997,105.8147957,99.31387611,112.4854238
686,21/09/2018,114.2600021,105.7030495,99.2137138,112.4263067
687,24/09/2018,114.6699982,105.5828296,98.93379751,112.2204007
688,25/09/2018,114.4499969,105.7644839,99.30515023,112.5782756
689,26/09/2018,113.9800034,105.8811798,99.34121142,112.5198101
690,27/09/2018,114.4100037,106.0152847,99.31283985,112.4251662
691,28/09/2018,114.3700027,106.0749393,99.98256672,112.5347518
692,01/10/2018,115.6100006,106.3417897,99.39001819,113.1015628
693,02/10/2018,115.1500015,106.6017675,99.7695009,113.0997359
694,03/10/2018,115.1699982,106.769028,99.86743464,113.3420747
695,04/10/2018,112.7900009,106.9256147,100.2311857,113.6525455
696,05/10/2018,112.1299973,106.9801017,100.4763716,113.2262269
697,08/10/2018,110.8499985,107.0806587,100.7167865,113.3517365
698,09/10/2018,112.2600021,107.2431988,100.9494462,113.7024857
699,10/10/2018,106.1600037,107.2974928,101.1605232,113.9173726
700,11/10/2018,105.9100037,107.329478,101.2231462,113.7838227
701,12/10/2018,109.5699997,107.2442644,100.1266911,113.2052458
702,15/10/2018,107.5999985,106.9235572,100.3677633,113.3704268
703,16/10/2018,111,106.9588014,100.9475526,113.8414195
704,17/10/2018,110.7099991,106.8986761,100.275696,113.7933465
705,18/10/2018,108.5,106.8323197,100.1179765,113.3488441
706,19/10/2018,108.6600037,106.6751358,100.2532241,113.7548359
707,22/10/2018,109.6299973,106.2687643,100.1983048,113.0448934
708,23/10/2018,108.0999985,106.3214247,99.30167672,112.5833783
709,24/10/2018,102.3199997,106.3012537,99.58365531,113.1143396
710,25/10/2018,108.3000031,106.2961073,99.8379985,112.9753957
711,26/10/2018,106.9599991,106.2194816,100.1283929,112.6789173
712,29/10/2018,103.8499985,106.1437698,99.23220597,112.5756551
713,30/10/2018,103.7300034,106.3251904,100.0951169,113.3252546
714,31/10/2018,106.8099976,106.4367917,99.70128013,112.9475506
715,01/11/2018,105.9199982,106.5624862,99.9765393,113.4273937
716,02/11/2018,106.1600037,106.6118595,99.11068809,112.8261869
717,05/11/2018,107.5100021,106.8488312,99.90217546,113.2707152
718,06/11/2018,107.7200012,107.1022883,100.5392994,114.1839454
719,07/11/2018,111.9599991,107.2657672,101.1369084,114.0322357
720,08/11/2018,111.75,107.4215806,100.6742168,113.8756066
721,09/11/2018,109.5699997,107.4783441,100.8537198,113.7051005
722,12/11/2018,106.8700027,107.6012861,100.7471115,114.1595959
723,13/11/2018,106.9400024,107.7746489,101.6209594,114.3624288
724,14/11/2018,104.9700012,107.840175,101.0919644,114.3955532
725,15/11/2018,107.2799988,107.8828928,101.7456068,115.0504571
726,16/11/2018,108.2900009,107.8145674,101.0762072,114.2965341
727,19/11/2018,104.6200027,107.5263322,100.8646286,114.1046507
728,20/11/2018,101.7099991,107.5634719,100.835102,114.3621925
729,21/11/2018,103.1100006,107.4996081,101.1161209,114.2450039
730,23/11/2018,103.0699997,107.2499296,101.3291226,113.8207593
731,26/11/2018,106.4700012,106.7560212,100.18471,113.1619671
732,27/11/2018,107.1399994,106.7675662,100.0738021,113.3855352
733,28/11/2018,111.1200027,106.7012822,99.94271127,113.2536982
734,29/11/2018,110.1900024,106.6458762,100.7572693,113.0402755
735,30/11/2018,110.8899994,106.5158456,100.3685369,113.3094497
736,03/12/2018,112.0899963,106.2727311,99.59073852,113.1183765
737,04/12/2018,108.5199966,106.4001754,99.56571442,113.2746489
738,06/12/2018,109.1900024,106.539931,99.90281133,113.0787142
739,07/12/2018,104.8199997,106.5481173,99.97718061,113.1204466
740,10/12/2018,107.5899963,106.7035792,99.80022057,112.8171549
741,11/12/2018,108.5899963,106.9461614,100.270302,113.556831
742,12/12/2018,109.0800018,107.1075447,100.6190434,113.5770093
743,13/12/2018,109.4499969,107.2700942,101.0019188,113.8718265
744,14/12/2018,106.0299988,107.3422365,101.0519545,113.624088
745,17/12/2018,102.8899994,107.558039,101.1647039,114.2425791
746,18/12/2018,103.9700012,107.7752214,101.0477075,114.3305732
747,19/12/2018,103.6900024,107.8892284,101.2027364,114.5388343
748,20/12/2018,101.5100021,107.9838388,101.0460166,114.7894074
749,21/12/2018,98.23000336,107.9694948,101.12382,113.9676965
750,24/12/2018,94.12999725,107.8422786,101.4589117,114.0418976
751,26/12/2018,100.5599976,107.909611,101.4446424,114.5904999
752,27/12/2018,101.1800003,107.8733209,101.1593905,114.0247115
753,28/12/2018,100.3899994,107.7340841,101.2039892,114.6560296
754,31/12/2018,101.5699997,107.30583,100.576291,113.8612636
755,02/01/2019,101.1200027,107.2660765,101.0479486,113.8837502
756,03/01/2019,97.40000153,107.2117014,101.1964572,113.8954688
757,04/01/2019,101.9300003,107.0800363,100.3182943,114.0724894
758,07/01/2019,102.0599976,106.8328068,100.4065307,113.3646624
759,08/01/2019,102.8000031,106.9657621,100.3823129,113.6757443
760,09/01/2019,104.2699966,107.0390804,100.6686058,113.2033713
761,10/01/2019,103.5999985,107.1402386,100.6569198,113.6538416
762,11/01/2019,102.8000031,107.1823067,101.056151,114.0343789
763,14/01/2019,102.0500031,107.5325199,100.5305467,113.7706655
764,15/01/2019,105.0100021,107.8777533,101.3944314,114.4322521
765,16/01/2019,105.3799973,108.1634393,101.747077,114.95921
766,17/01/2019,106.1200027,108.4731626,101.9681396,114.9650845
767,18/01/2019,107.7099991,108.7162231,101.97657,115.4331148
768,22/01/2019,105.6800003,110.0732488,103.405272,116.3474136
769,23/01/2019,106.7099991,110.4751834,104.1536015,117.0475081
770,24/01/2019,106.1999969,110.8776035,104.189471,117.1647567
771,25/01/2019,107.1699982,111.188712,104.7906888,117.6519342
772,28/01/2019,105.0800018,112.1150683,105.4904298,118.3010301
773,29/01/2019,102.9400024,112.5668517,106.0232624,119.1844166
774,30/01/2019,106.3799973,112.914191,106.3623619,119.9603252
775,31/01/2019,104.4300003,113.2406333,106.8153993,119.9261059
776,01/02/2019,102.7799988,113.4562271,107.2565902,120.1342544
777,04/02/2019,105.7399979,114.0002558,107.106848,120.6878114
778,05/02/2019,107.2200012,114.3003475,107.401741,120.8650837
779,06/02/2019,106.0299988,114.4877509,108.0056051,120.9102095
780,07/02/2019,105.2699966,114.6482404,108.1190878,121.5499094
781,08/02/2019,105.6699982,114.6939522,108.0146765,121.4479645
782,11/02/2019,105.25,114.7227118,107.723514,121.0984282
783,12/02/2019,106.8899994,114.8539975,108.9884946,120.7440753
784,13/02/2019,106.8099976,114.9483529,108.3337831,121.6009523
785,14/02/2019,106.9000015,115.0197504,108.6175146,121.6611626
786,15/02/2019,108.2200012,114.9807876,108.7114718,122.3818028
787,19/02/2019,108.1699982,114.8489063,108.3683482,121.2134031
788,20/02/2019,107.1500015,114.8089702,108.3920453,121.4506865
789,21/02/2019,109.4100037,114.7501202,107.7722466,121.5752931
790,22/02/2019,110.9700012,114.5847468,107.9406761,120.960436
791,25/02/2019,111.5899963,114.030662,107.1082185,120.7093799
792,26/02/2019,112.3600006,113.9846846,107.0636534,120.5691167
793,27/02/2019,112.1699982,113.8380829,107.0214153,120.096775
794,28/02/2019,112.0299988,113.6777355,106.9986796,120.2434145
795,01/03/2019,112.5299988,113.4168692,107.2064556,120.0575229
796,04/03/2019,112.2600021,112.6232734,106.0858107,118.8430222
797,05/03/2019,111.6999969,112.5174577,105.8076711,119.1506769
798,06/03/2019,111.75,112.3234195,105.8954275,119.1878155
799,07/03/2019,110.3899994,112.1295296,105.7318734,119.1796108
800,08/03/2019,110.5100021,111.8504747,104.8937246,117.8077513
801,11/03/2019,112.8300018,111.1074772,104.6115439,117.7157833
802,12/03/2019,113.6200027,111.0570573,104.3186072,117.1806006
803,13/03/2019,114.5,110.9388182,104.2735853,117.3677505
804,14/03/2019,114.5899963,110.8413703,104.0123951,116.8562562
805,15/03/2019,115.9100037,110.6792996,103.8166804,117.0243588
806,18/03/2019,117.5699997,110.4040386,103.7372035,116.7242632
807,19/03/2019,117.6500015,110.5444496,103.671073,117.0761615
808,20/03/2019,117.5199966,110.6316004,104.2262174,117.1920067
809,21/03/2019,120.2200012,110.7518705,104.218904,117.1356271
810,22/03/2019,117.0500031,110.8173365,104.2022142,117.2761057
811,25/03/2019,117.6600037,111.2553453,104.4682118,117.9426518
812,26/03/2019,117.9100037,111.6336584,104.8924221,118.6048489
813,27/03/2019,116.7699966,111.9536374,105.5642027,118.3164428
814,28/03/2019,116.9300003,112.2986444,105.5011251,118.3855453
815,29/03/2019,117.9400024,112.5778775,106.2256964,118.9557917
816,01/04/2019,119.0199966,113.5659182,107.1488462,120.635921
817,02/04/2019,119.1900024,114.09015,107.7238055,120.9525406
818,03/04/2019,119.9700012,114.5347243,108.0111261,121.2801657
819,04/04/2019,119.3600006,114.9820365,108.2786445,121.2575594
820,05/04/2019,119.8899994,115.3407425,108.8709529,121.7387276
821,08/04/2019,119.9300003,116.4311573,110.1967475,123.162723
822,09/04/2019,119.2799988,116.9465096,110.1123289,123.1757978
823,10/04/2019,120.1900024,117.3627938,110.7467094,124.2097698
824,11/04/2019,120.3300018,117.7641305,110.902821,124.3529325
825,12/04/2019,120.9499969,118.0603573,111.5987915,124.7510694
826,15/04/2019,121.0500031,118.8912609,112.2634366,125.7557545
827,16/04/2019,120.7699966,119.3039027,112.6515341,126.0377256
828,17/04/2019,121.7699966,119.6132782,113.1912821,126.2236348
829,18/04/2019,123.3700027,119.9057285,113.2956284,126.4048252
830,22/04/2019,123.7600021,120.6188151,114.6576603,127.1241582
831,23/04/2019,125.4400024,120.9399823,113.8610693,127.3695067
832,24/04/2019,125.0100021,121.1647137,114.5386788,127.6563927
833,25/04/2019,129.1499939,121.3798485,114.6635305,128.3567066
834,26/04/2019,129.8899994,121.4982927,115.1968432,128.8317532
835,29/04/2019,129.7700043,121.8573684,115.3610983,128.3730402
836,30/04/2019,130.6000061,122.1361281,115.4694873,129.0981313
837,01/05/2019,127.8799973,122.3236457,115.6930018,129.0270432
838,02/05/2019,126.2099991,122.5058642,115.9690297,129.2603576
839,03/05/2019,128.8999939,122.5947534,115.7886746,129.2707633
840,06/05/2019,128.1499939,122.8763109,115.5853962,129.3021061
841,07/05/2019,125.5199966,123.1303422,116.4173376,129.7122466
842,08/05/2019,125.5100021,123.2927085,116.4641481,129.8986793
843,09/05/2019,125.5,123.4490172,116.7691922,130.2740837
844,10/05/2019,127.1299973,123.5110947,116.3593956,130.7913162
845,13/05/2019,123.3499985,123.7083439,116.8845884,130.1795361
846,14/05/2019,124.7300034,123.9344387,117.6227056,130.5402874
847,15/05/2019,126.0199966,124.0700936,117.2595436,130.3748852
848,16/05/2019,128.9299927,124.2017937,117.1904099,130.5363491
849,17/05/2019,128.0700073,124.2423241,118.281496,130.8758536
850,20/05/2019,126.2200012,124.4032591,118.2339169,131.1152351
851,21/05/2019,126.9000015,124.6298364,118.3250793,131.2646468
852,22/05/2019,127.6699982,124.7736058,118.1052279,130.9703423
853,23/05/2019,126.1800003,124.9216333,118.2114819,131.6252095
854,24/05/2019,126.2399979,124.9870901,118.4483192,131.2062347
855,28/05/2019,126.1600037,125.5599652,118.751856,132.3622523
856,29/05/2019,124.9400024,125.7692478,119.2296162,131.6506827
857,30/05/2019,125.7300034,125.9887097,119.855433,132.0762055
858,31/05/2019,123.6800003,126.1302644,119.5279325,132.8570212
859,03/06/2019,119.8399963,126.6593192,120.2261403,133.1116619
860,04/06/2019,123.1600037,127.023703,120.1431035,133.1477684
861,05/06/2019,125.8300018,127.3088264,120.7891465,133.6922554
862,06/06/2019,127.8199997,127.599054,120.9610715,134.2288549
863,07/06/2019,131.3999939,127.8047567,121.2284368,133.9030779
864,10/06/2019,132.6000061,128.4737481,122.0122339,135.2949622
865,11/06/2019,132.1000061,128.8641761,121.9177958,135.3547838
866,12/06/2019,131.4900055,129.1630664,122.7765494,136.376601
867,13/06/2019,132.3200073,129.4558683,122.9123373,135.6361729
868,14/06/2019,132.4499969,129.653235,122.6999179,136.2245965
869,17/06/2019,132.8500061,130.2393173,123.524146,137.2812233
870,18/06/2019,135.1600037,130.5867665,123.7170999,137.0600806
871,19/06/2019,135.6900024,130.8387171,124.5915312,137.5109461
872,20/06/2019,136.9499969,131.0813105,124.7503272,137.7777524
873,21/06/2019,136.9700012,131.2271251,124.565585,138.0382872
874,24/06/2019,137.7799988,131.6700529,125.3069014,138.1579831
875,25/06/2019,133.4299927,131.9798036,124.7742978,138.2471415
876,26/06/2019,133.9299927,132.2017753,126.0566018,139.1015112
877,27/06/2019,134.1499939,132.4233857,125.5522734,139.0234978
878,28/06/2019,133.9600067,132.5581877,126.214416,139.4867093
879,01/07/2019,135.6799927,133.0323659,126.4497456,139.2425747
880,02/07/2019,136.5800018,133.373543,126.9449269,140.3320478
881,03/07/2019,137.4600067,133.6362598,126.8665686,140.1502946
882,05/07/2019,137.0599976,134.0966734,127.9478512,140.8936884
883,08/07/2019,136.9600067,134.7547239,128.4695079,141.612626
884,09/07/2019,136.4600067,135.155509,129.1796679,142.0735287
885,10/07/2019,137.8500061,135.4728557,128.266756,141.7322147
886,11/07/2019,138.3999939,135.7904255,129.3158695,142.3722831
887,12/07/2019,138.8999939,136.0177838,129.5276347,142.5369778
888,15/07/2019,138.8999939,136.7084031,130.4468533,143.0766894
889,16/07/2019,137.0800018,137.0882857,130.8214383,143.964348
890,17/07/2019,136.2700043,137.367198,130.5905633,143.7122496
891,18/07/2019,136.4199982,137.6284953,131.050917,144.2616386
892,19/07/2019,136.6199951,137.7819347,131.0991585,144.2835194
893,22/07/2019,138.4299927,138.1544298,131.6524565,144.5519081
894,23/07/2019,139.2899933,138.4017554,132.0822519,145.4337515
895,24/07/2019,140.7200012,138.5387597,131.4752118,144.8679011
896,25/07/2019,140.1900024,138.6516966,132.1358046,144.9478789
897,26/07/2019,141.3399963,138.6534965,131.7334199,144.753331
898,29/07/2019,141.0299988,138.5855058,132.406754,145.1545019
899,30/07/2019,140.3500061,138.7023314,132.2792243,145.1023642
900,31/07/2019,136.2700043,138.7224985,132.4873218,145.0907524
901,01/08/2019,138.0599976,138.7352043,132.2728108,145.8786127
902,02/08/2019,136.8999939,138.6559603,132.7487787,145.4495812
903,05/08/2019,132.2100067,138.4787303,132.0936749,145.3598709
904,06/08/2019,134.6900024,138.6072596,131.4543909,145.3775979
905,07/08/2019,135.2799988,138.6634004,132.1817579,145.8424893
906,08/08/2019,138.8899994,138.735515,132.6566014,144.9108484
907,09/08/2019,137.7100067,138.7376425,132.0099405,145.249767
908,12/08/2019,135.7899933,138.9126704,132.3246741,145.4302093
909,13/08/2019,138.6000061,139.1841957,132.8466581,145.4760562
910,14/08/2019,133.9799957,139.3898464,132.7623158,145.9317798
911,15/08/2019,133.6799927,139.6137865,133.3793239,146.190394
912,16/08/2019,136.1300049,139.7657129,133.5170555,146.2220283
913,19/08/2019,138.4100037,140.3347695,133.9113659,146.8846318
914,20/08/2019,137.2599945,140.7056476,134.1875768,147.1523391
915,21/08/2019,138.7899933,140.9887077,134.6511603,147.2342387
916,22/08/2019,137.7799988,141.2652477,134.8360852,147.4871539
917,23/08/2019,133.3899994,141.4426875,135.14459,147.6915322
918,26/08/2019,135.4499969,141.9131444,135.6794707,147.9609997
919,27/08/2019,135.7400055,142.1922264,135.5978981,148.0546379
920,28/08/2019,135.5599976,142.3556282,135.9257721,148.7981757
921,29/08/2019,138.1199951,142.48671,135.7697236,149.0591255
922,30/08/2019,137.8600006,142.4956341,136.0401647,149.2158873
923,03/09/2019,136.0399933,142.415211,136.0635613,149.1388249
924,04/09/2019,137.6300049,142.3544653,135.9669556,149.3451288
925,05/09/2019,140.0500031,142.2645043,135.8299782,148.9907442
926,06/09/2019,139.1000061,142.0604546,135.4802467,148.6646251
927,09/09/2019,137.5200043,141.3792828,134.5575659,148.0221164
928,10/09/2019,136.0800018,141.300146,134.7721443,147.8753658
929,11/09/2019,136.1199951,141.131667,134.4055678,147.660569
930,12/09/2019,137.5200043,140.9645707,134.1250232,147.4988237
931,13/09/2019,137.3200073,140.7156226,133.5791168,146.9935657
932,16/09/2019,136.3300018,140.0978388,134.0753587,146.6509287
933,17/09/2019,137.3899994,140.1034472,133.798727,147.0192676
934,18/09/2019,138.5200043,140.0484015,133.5290452,146.2430231
935,19/09/2019,141.0700073,140.020504,133.6668915,146.5193045
936,20/09/2019,139.4400024,139.9329963,133.3896783,146.1339178
937,23/09/2019,139.1399994,139.8907646,133.3643129,146.3755731
938,24/09/2019,137.3800049,140.1030193,133.6477126,146.1237626
939,25/09/2019,139.3600006,140.2538677,134.1147388,146.964286
940,26/09/2019,139.5399933,140.4262822,134.424802,146.8655514
941,27/09/2019,137.7299957,140.5288903,133.6185446,146.8908508
942,30/09/2019,139.0299988,140.9553319,134.3939603,147.0275568
943,01/10/2019,137.0700073,141.2790017,134.8683225,147.4592256
944,02/10/2019,134.6499939,141.5149737,135.072347,148.3276715
945,03/10/2019,136.2799988,141.7449525,135.1893937,148.639138
946,04/10/2019,138.1199951,141.877052,135.0396825,148.7524221
947,07/10/2019,137.1199951,142.2296594,134.9505772,148.6096432
948,08/10/2019,135.6699982,142.480211,136.2401818,149.4737273
949,09/10/2019,138.2400055,142.6929892,136.4102178,149.6251384
950,10/10/2019,139.1000061,142.883325,136.6035694,149.3777975
951,11/10/2019,139.6799927,142.9631447,136.6620335,149.7075915
952,14/10/2019,139.5500031,143.124741,136.3188955,150.010524
953,15/10/2019,141.5700073,143.3144558,136.7735996,150.4011554
954,16/10/2019,140.4100037,143.4048827,136.5157047,150.0983727
955,17/10/2019,139.6900024,143.4848723,136.5856362,149.830305
956,18/10/2019,137.4100037,143.4696687,136.9177202,149.7070634
957,21/10/2019,138.4299927,143.4634055,137.1554076,149.8739158
958,22/10/2019,136.3699951,143.6415808,136.7828562,150.0509795
959,23/10/2019,137.2400055,143.7436666,136.9456319,150.2980329
960,24/10/2019,139.9400024,143.8580707,137.5344304,150.2718827
961,25/10/2019,140.7299957,143.8989184,137.1722857,150.4790361
962,28/10/2019,144.1900024,144.1702276,137.6600528,150.276142
963,29/10/2019,142.8300018,144.4679862,137.9338503,151.4065904
964,30/10/2019,144.6100006,144.6974699,138.7922947,151.8430319
965,31/10/2019,143.3699951,144.9432618,137.6564328,151.2221891
966,01/11/2019,143.7200012,145.1155532,138.309941,151.828578
967,04/11/2019,144.5500031,145.7429362,139.3851393,152.4949193
968,05/11/2019,144.4600067,146.1347958,139.6347487,152.7789349
969,06/11/2019,144.0599976,146.4410361,140.0954367,152.3476357
970,07/11/2019,144.2599945,146.7439191,140.3936149,153.2091237
971,08/11/2019,145.9600067,146.9518851,140.3955856,153.4277289
972,11/11/2019,146.1100006,147.5497569,140.6418725,154.1955817
973,12/11/2019,147.0700073,147.8868767,141.0238747,154.2684509
974,13/11/2019,147.3099976,148.1178531,141.9796274,155.2323166
975,14/11/2019,148.0599976,148.3270121,141.9587708,154.8119054
976,15/11/2019,149.9700012,148.4253885,142.102918,154.7116309
977,18/11/2019,150.3399963,148.6315277,142.0300402,155.0527858
978,19/11/2019,150.3899994,148.8292648,141.6918262,155.2840675
979,20/11/2019,149.6199951,148.9229013,142.2742078,155.1547216
980,21/11/2019,149.4799957,149.0006127,142.5034757,155.212462
981,22/11/2019,149.5899963,148.977118,142.7101563,155.4847962
982,25/11/2019,151.2299957,148.9073301,142.7939238,155.3848429
983,26/11/2019,152.0299988,149.0515684,142.8747639,155.4577871
984,27/11/2019,152.3200073,149.1139013,142.9513258,155.8774926
985,29/11/2019,151.3800049,149.1749049,142.883656,155.7141692
986,02/12/2019,149.5500031,149.282319,142.9125235,155.6380201
987,03/12/2019,149.3099976,149.524086,142.7940283,155.6646159
988,04/12/2019,149.8500061,149.6990281,142.9689554,156.4948659
989,05/12/2019,149.9299927,149.8930204,143.1937713,156.5730985
990,06/12/2019,151.75,150.0175034,142.8070403,156.3353641
991,09/12/2019,151.3600006,150.5365044,143.551222,157.2504077
992,10/12/2019,151.1300049,150.9069236,144.3386163,157.2984407
993,11/12/2019,151.6999969,151.2001281,145.086105,158.218554
994,12/12/2019,153.2400055,151.4987073,145.2306063,158.0325657
995,13/12/2019,154.5299988,151.7112052,145.0952874,158.2022968
996,16/12/2019,155.5299988,152.3733047,145.6421326,159.3523706
997,17/12/2019,154.6900024,152.7468268,146.270352,159.0432192
998,18/12/2019,154.3699951,153.0202683,146.6431658,159.1052397
999,19/12/2019,155.7100067,153.2768502,146.8832262,160.4587455
1000,20/12/2019,157.4100037,153.426382,146.5257586,159.8626556
1001,23/12/2019,157.4100037,153.7951275,147.106874,160.1268002
1002,24/12/2019,157.3800049,154.0456514,147.8255935,161.1949766
1003,26/12/2019,158.6699982,154.3130506,147.8330164,161.0778772
1004,27/12/2019,158.9600067,154.3308012,147.9088173,160.699304
1005,30/12/2019,157.5899963,154.3497716,147.2337041,160.805689
1006,31/12/2019,157.6999969,154.5112114,148.026199,160.9378269
1007,02/01/2020,160.6199951,154.6605196,148.1505682,160.8706175
1008,03/01/2020,158.6199951,154.6539613,148.4170136,161.6471792
1009,06/01/2020,159.0299988,154.7552397,148.1464501,160.6876065
1010,07/01/2020,157.5800018,154.996788,148.818275,161.71163
1011,08/01/2020,160.0899963,155.1758124,148.5433789,162.0446806
1012,09/01/2020,162.0899963,155.3804343,148.772663,161.9697673
1013,10/01/2020,161.3399963,155.5244153,148.9359547,162.1762873
1014,13/01/2020,163.2799988,156.178326,149.4817787,163.0269051
1015,14/01/2020,162.1300049,156.6265265,149.9858013,163.188962
1016,15/01/2020,163.1799927,157.0171928,150.6021062,163.4745241
1017,16/01/2020,166.1699982,157.4345277,151.3419461,164.1082708
1018,17/01/2020,167.1000061,157.7883842,151.1447518,164.2609936
1019,21/01/2020,166.5,159.6286894,152.5957357,166.2841287
1020,22/01/2020,165.6999969,160.162743,153.4990446,166.4489571
1021,23/01/2020,166.7200012,160.7019843,153.6749702,167.3110012
1022,24/01/2020,165.0399933,161.154548,154.6274479,167.3596789
1023,27/01/2020,162.2799988,162.5311907,155.9240686,168.6720332
1024,28/01/2020,165.4600067,163.1407462,156.3484747,169.6402039
1025,29/01/2020,168.0399933,163.6490844,157.324656,170.5422412
1026,30/01/2020,172.7799988,164.1393321,157.7632179,170.512404
1027,31/01/2020,170.2299957,164.5211007,157.859205,170.8216484
1028,03/02/2020,174.3800049,165.573485,159.1885983,172.0541823
1029,04/02/2020,180.1199951,166.0449186,159.324216,172.7958575
1030,05/02/2020,179.8999939,166.4039859,159.3843209,172.4948891
1031,06/02/2020,183.6300049,166.7339584,160.0429323,173.2465946
1032,07/02/2020,183.8899994,166.9488895,160.0196567,173.4980907
1033,10/02/2020,188.6999969,167.4817565,161.0238639,174.5228189
1034,11/02/2020,184.4400024,167.7794784,161.1285493,174.2462143
1035,12/02/2020,184.7100067,167.9668749,161.4197464,174.4010546
1036,13/02/2020,183.7100067,168.1304123,162.3207842,174.8230531
1037,14/02/2020,185.3500061,168.1827129,161.568684,174.7612357
1038,18/02/2020,187.2299957,168.4081307,161.5843166,175.3728857
1039,19/02/2020,187.2799988,168.4558458,161.9383744,174.590985
1040,20/02/2020,184.4199982,168.4840436,161.7219083,175.2204868
1041,21/02/2020,178.5899963,168.405107,161.8523838,175.0865815
1042,24/02/2020,170.8899994,168.1061015,162.2346505,174.3162721
1043,25/02/2020,168.0700073,168.1433699,162.091485,175.2486449
1044,26/02/2020,170.1699982,168.0788473,161.4113771,174.6167194
1045,27/02/2020,158.1799927,167.9991961,161.4161837,173.9630417
1046,28/02/2020,162.0099945,167.817399,160.6556396,173.6905192
1047,02/03/2020,172.7899933,167.2485363,160.7754935,174.2003032
1048,03/03/2020,164.5099945,167.2125339,161.0325444,174.1136221
1049,04/03/2020,170.5500031,167.085305,160.4813186,173.2177502
1050,05/03/2020,166.2700043,166.9549767,160.5108411,173.3753143
1051,06/03/2020,161.5700073,166.7360247,160.2744259,173.0417294
1052,09/03/2020,150.6199951,166.1511522,159.5394353,172.4756384
1053,10/03/2020,160.9199982,166.1458481,159.401421,172.0805899
1054,11/03/2020,153.6300049,166.0689887,159.1264887,172.8998478
1055,12/03/2020,139.0599976,166.0093235,159.2027006,172.7828636
1056,13/03/2020,158.8300018,165.8816485,158.9215314,172.0047738
1057,16/03/2020,135.4199982,165.6923624,159.7787098,172.8849655
1058,17/03/2020,146.5700073,165.8570378,159.0866194,172.3294142
1059,18/03/2020,140.3999939,165.9670573,158.9957934,172.3910581
1060,19/03/2020,142.7100067,166.1093397,159.5451773,173.3711454
1061,20/03/2020,137.3500061,166.1965257,159.7003397,172.6168829
1062,23/03/2020,135.9799957,166.7036955,159.8151763,173.6297689
1063,24/03/2020,148.3399963,167.108267,160.3853101,173.1936968
1064,25/03/2020,146.9199982,167.4569757,161.0601625,174.5687139
1065,26/03/2020,156.1100006,167.8336415,161.318018,174.6564713
1066,27/03/2020,149.6999969,168.1478636,161.1560969,174.7397089
1067,30/03/2020,160.2299957,169.2638487,163.1682687,175.8954173
1068,31/03/2020,157.7100067,169.8390106,163.1381789,176.1077635
1069,01/04/2020,152.1100006,170.3387691,163.5853243,176.6501757
1070,02/04/2020,155.2599945,170.8454681,164.6919868,177.3941403
1071,03/04/2020,153.8300018,171.2676355,164.7433458,177.6262602
1072,06/04/2020,165.2700043,172.5705754,166.2385999,179.404958
1073,07/04/2020,163.4900055,173.1630913,166.3950017,179.7930832
1074,08/04/2020,165.1300049,173.6590589,166.875917,180.4705933
1075,09/04/2020,165.1399994,174.1421695,167.6085087,180.3492079
1076,13/04/2020,165.5099945,175.6116169,168.963479,181.4485215
1077,14/04/2020,173.6999969,176.1107353,169.7969326,182.6290399
1078,15/04/2020,171.8800049,176.5061916,170.0781159,182.70826
1079,16/04/2020,177.0399933,176.8840192,170.0478405,183.3085647
1080,17/04/2020,178.6000061,177.1566532,170.3113613,183.579246
1081,20/04/2020,175.0599976,177.9272406,171.1714332,184.6828139
1082,21/04/2020,167.8200073,178.3274941,171.7049032,184.9431089
1083,22/04/2020,173.5200043,178.6298804,171.712921,185.0393898
1084,23/04/2020,171.4199982,178.9212982,172.2339661,185.7010813
1085,24/04/2020,174.5500031,179.1147537,172.2726319,185.7695373
1086,27/04/2020,174.0500031,179.6926847,173.10757,185.9051303
1087,28/04/2020,169.8099976,180.0429133,173.6480474,186.7328341
1088,29/04/2020,177.4299927,180.3014627,173.6972066,186.7864603
1089,30/04/2020,179.2100067,180.5544498,174.4676411,186.6756172
1090,01/05/2020,174.5700073,180.7140016,174.2204968,187.1507202
1091,04/05/2020,178.8399963,181.2080944,174.5745142,187.9055427
1092,05/05/2020,180.7599945,181.5333834,174.5560084,188.3168679
1093,06/05/2020,182.5399933,181.7672364,175.2055172,188.2734216
1094,07/05/2020,183.6000061,181.9952166,175.3330175,188.4369932
1095,08/05/2020,184.6799927,182.1290694,175.7665516,188.3439748
1096,11/05/2020,186.7400055,182.5409796,176.1891565,189.2196416
1097,12/05/2020,182.5099945,182.8378546,176.4221547,189.851593
1098,13/05/2020,179.75,183.0435892,176.4802602,189.4273829
1099,14/05/2020,180.5299988,183.2444735,176.6525662,189.4703668
1100,15/05/2020,183.1600037,183.3531045,176.8093182,189.2668652
1101,18/05/2020,184.9100037,183.7102333,177.0907438,190.2110472
1102,19/05/2020,183.6300049,183.9991127,177.4538075,190.262342
1103,20/05/2020,185.6600037,184.2035323,177.570763,190.7406451
1104,21/05/2020,183.4299927,184.4105617,177.6912602,191.4130183
1105,22/05/2020,183.5099945,184.5334227,178.0077957,190.9983723
1106,26/05/2020,181.5700073,185.3226105,178.6182531,192.1307746
1107,27/05/2020,181.8099976,185.583691,178.8728899,192.0600003
1108,28/05/2020,181.3999939,185.8545805,179.4846866,192.4297897
1109,29/05/2020,183.25,186.0475059,179.7148738,192.8035234
1110,01/06/2020,182.8300018,186.7335628,180.6354418,193.0407792
1111,02/06/2020,184.9100037,187.1522866,180.780881,193.7927302
1112,03/06/2020,185.3600006,187.4932225,181.1441892,193.9913377
1113,04/06/2020,182.9199982,187.8409667,181.4020107,193.6225907
1114,05/06/2020,187.1999969,188.1060762,181.6481448,195.039011
1115,08/06/2020,188.3600006,188.965691,182.8677656,195.9156718
1116,09/06/2020,189.8000031,189.4238527,183.1698177,195.7694887
1117,10/06/2020,196.8399963,189.7935762,182.7680882,196.0749128
1118,11/06/2020,186.2700043,190.1590188,183.9357093,196.5721867
1119,12/06/2020,187.7400055,190.4306145,184.0907239,197.2814716
1120,15/06/2020,188.9400024,191.2460308,185.0089945,197.4693139
1121,16/06/2020,193.5700073,191.6710108,184.8249145,198.6425154
1122,17/06/2020,194.2400055,192.0004216,185.1573519,198.2753948
1123,18/06/2020,196.3200073,192.3200313,185.9402918,198.8467895
1124,19/06/2020,195.1499939,192.5420584,185.9011582,199.0836993
1125,22/06/2020,200.5700073,193.2056398,186.980386,199.3638484
1126,23/06/2020,201.9100037,193.5854499,187.0922116,200.2705347
1127,24/06/2020,197.8399963,193.8754627,187.150547,200.9956908
1128,25/06/2020,200.3399963,194.1630331,187.0459766,200.3505457
1129,26/06/2020,196.3300018,194.3617244,187.6674272,201.0957608
1130,29/06/2020,198.4400024,195.0163653,188.6160921,201.4437711
1131,30/06/2020,203.5099945,195.4147241,188.4977031,202.0442888
1132,01/07/2020,204.6999969,195.7336771,189.8173664,202.6039771
1133,02/07/2020,206.2599945,196.0597687,189.0179874,202.7392718
1134,06/07/2020,210.6999969,197.1342836,190.4057175,203.5396196
1135,07/07/2020,208.25,197.5949443,190.7673513,204.2248702
1136,08/07/2020,212.8300018,197.9743567,191.3829743,204.4773996
1137,09/07/2020,214.3200073,198.3565579,191.665273,204.8868531
1138,10/07/2020,213.6699982,198.6514291,192.1725217,205.2817275
1139,13/07/2020,207.0700073,199.5639128,192.9094984,205.8164324
1140,14/07/2020,208.3500061,200.0244384,193.5212943,206.2784234
1141,15/07/2020,208.0399933,200.3872273,194.2919137,207.1310457
1142,16/07/2020,203.9199982,200.7354247,194.304526,207.0884558
1143,17/07/2020,202.8800049,200.9784847,194.0294053,207.3098102
1144,20/07/2020,211.6000061,201.6318831,194.7204652,207.753653
1145,21/07/2020,208.75,201.9750828,195.5612789,208.7776274
1146,22/07/2020,211.75,202.2080662,196.1089576,208.6318043
1147,23/07/2020,202.5399933,202.416434,195.7988583,209.4095481
1148,24/07/2020,201.3000031,202.5124586,196.1482896,209.1686593
1149,27/07/2020,203.8500061,202.7136234,196.2374824,209.6696263
1150,28/07/2020,202.0200043,202.9137934,196.1434114,209.8188132
1151,29/07/2020,204.0599976,203.0133552,196.0572912,209.6389305
1152,30/07/2020,203.8999939,203.1011819,196.7499513,209.645536
1153,31/07/2020,205.0099945,203.0925663,196.6466705,209.6601323
1154,03/08/2020,216.5399933,203.0998218,196.8274675,209.2537928
1155,04/08/2020,213.2899933,203.2811676,196.9760206,209.6553713
1156,05/08/2020,212.9400024,203.386311,196.6185124,209.8491342
1157,06/08/2020,216.3500061,203.5040968,197.0401631,210.4805438
1158,07/08/2020,212.4799957,203.5491448,197.093312,209.5782091
1159,10/08/2020,208.25,203.8434062,197.5709441,210.512173
1160,11/08/2020,203.3800049,204.1540932,197.7101387,210.7435862
1161,12/08/2020,209.1900024,204.3999754,198.1143061,210.9772987
1162,13/08/2020,208.6999969,204.6660282,198.1298613,210.6894389
1163,14/08/2020,208.8999939,204.8627261,198.5803897,211.7984867
1164,17/08/2020,210.2799988,205.5888836,198.8142257,212.1593275
1165,18/08/2020,211.4900055,206.0215583,199.5368038,213.0719347
1166,19/08/2020,209.6999969,206.3717697,199.6686304,212.5840982
1167,20/08/2020,214.5800018,206.7210079,200.0479781,213.1576782
1168,21/08/2020,213.0200043,206.9767458,200.8985995,213.523829
1169,24/08/2020,213.6900024,207.7141036,201.5861405,214.653613
1170,25/08/2020,216.4700012,208.0916028,201.8732754,214.6090529
1171,26/08/2020,221.1499939,208.3572217,201.9922568,215.1345311
1172,27/08/2020,226.5800018,208.5936015,201.862903,215.5855256
1173,28/08/2020,228.9100037,208.7100997,202.2716362,214.8737138
1174,31/08/2020,225.5299988,208.9003238,202.9392196,215.4461309
1175,01/09/2020,227.2700043,209.0647862,202.0969589,215.2939291
1176,02/09/2020,231.6499939,209.1093893,202.5793719,215.6972707
1177,03/09/2020,217.3000031,209.1216271,202.500617,215.656371
1178,04/09/2020,214.25,209.0158377,203.0558294,215.7526714
1179,08/09/2020,202.6600037,208.5969851,202.3385932,215.3888195
1180,09/09/2020,211.2899933,208.4990232,201.5388288,214.8460205
1181,10/09/2020,205.3699951,208.3962214,202.2304368,214.6372451
1182,11/09/2020,204.0299988,208.205464,201.5935132,213.9404132
1183,14/09/2020,205.4100037,207.728978,201.2382572,214.4694491
1184,15/09/2020,208.7799988,207.7723635,201.3899375,214.288999
1185,16/09/2020,205.0500031,207.751596,201.3089295,214.4669983
1186,17/09/2020,202.9100037,207.7553042,200.9915569,214.1402622
1187,18/09/2020,200.3899994,207.6976126,201.6749708,214.2531859
1188,21/09/2020,202.5399933,207.7432802,200.8519549,214.5420774
1189,22/09/2020,207.4199982,207.9873338,201.2164082,214.8885371
1190,23/09/2020,200.5899963,208.1726327,201.2787313,214.9239112
1191,24/09/2020,203.1900024,208.3828815,201.4748496,215.46888
1192,25/09/2020,207.8200073,208.5273405,202.3815539,215.2924079
1193,28/09/2020,209.4400024,209.1079613,202.6601384,216.1574711
1194,29/09/2020,207.2599945,209.4934051,203.0801756,215.9763412
1195,30/09/2020,210.3300018,209.7964075,203.3095439,215.5272112
1196,01/10/2020,212.4600067,210.0985008,203.6191846,216.800802
1197,02/10/2020,206.1900024,210.3074918,203.6421241,217.0139254
1198,05/10/2020,210.3800049,210.9145864,204.8811509,217.4483945
1199,06/10/2020,205.9100037,211.2557996,204.9940108,217.8834622
1200,07/10/2020,209.8300018,211.4911299,204.8662176,217.7775686
1201,08/10/2020,210.5800018,211.7048998,204.9245359,218.261511
1202,09/10/2020,215.8099976,211.8082224,205.600333,218.1411388
1203,12/10/2020,221.3999939,212.0329206,205.3455948,218.7315852
1204,13/10/2020,222.8600006,212.2388492,205.4841087,218.5580319
1205,14/10/2020,220.8600006,212.3420995,205.7879196,219.0176907
1206,15/10/2020,219.6600037,212.4310852,205.6683381,218.6564352
1207,16/10/2020,219.6600037,212.4207317,205.7044447,218.617956
1208,19/10/2020,214.2200012,212.4028745,205.7521474,218.999723
1209,20/10/2020,214.6499939,212.5686996,205.734575,219.0820627
1210,21/10/2020,214.8000031,212.6546226,205.7220384,218.8758159
1211,22/10/2020,214.8899994,212.7494822,206.1386644,219.0987659
1212,23/10/2020,216.2299957,212.7679332,206.0505693,218.9832628
1213,26/10/2020,210.0800018,212.9613555,207.0485962,220.0353034
1214,27/10/2020,213.25,213.2319657,206.3244415,219.7180727
1215,28/10/2020,202.6799927,213.4349445,206.8484655,220.0102816
1216,29/10/2020,204.7200012,213.6556001,206.7439792,219.6840864
1217,30/10/2020,202.4700012,213.8048079,207.2337846,220.0817525
1218,02/11/2020,202.3300018,214.3810857,207.5376788,220.8016033
1219,03/11/2020,206.4299927,214.7634506,208.3947741,221.4849242
1220,04/11/2020,216.3899994,215.0644428,208.3788287,221.5575997
1221,05/11/2020,223.2899933,215.3664297,208.8179357,221.9435694
1222,06/11/2020,223.7200012,215.5778324,208.9725682,222.2945748
1223,09/11/2020,218.3899994,216.2099716,209.4609034,222.592587
1224,10/11/2020,211.0099945,216.565253,210.0023122,223.3020676
1225,11/11/2020,216.5500031,216.8168912,210.1383866,223.4524198
1226,12/11/2020,215.4400024,217.0485738,210.995001,223.9195758
1227,13/11/2020,216.5099945,217.1706438,210.3806358,224.1826346
1228,16/11/2020,217.2299957,217.4475875,210.5206381,223.3313885
1229,17/11/2020,214.4600067,217.6664209,211.0877493,224.1399627
1230,18/11/2020,211.0800018,217.7787761,210.9918251,224.7115688
1231,19/11/2020,212.4199982,217.8722432,211.9527146,224.3180876
1232,20/11/2020,210.3899994,217.8610389,211.4960866,224.4183392
1233,23/11/2020,210.1100006,217.8038419,211.3514262,224.2318612
1234,24/11/2020,213.8600006,217.9435951,211.1205453,224.1094594
1235,25/11/2020,213.8699951,217.9971116,211.8945118,224.642376
1236,27/11/2020,215.2299957,218.0283611,211.295865,224.5553385
1237,30/11/2020,214.0700073,218.0669527,211.4445915,224.2701802
1238,01/12/2020,216.2100067,218.2815804,211.6252051,224.8553594
1239,02/12/2020,215.3699951,218.4284084,211.8051559,224.8423157
1240,03/12/2020,214.2400055,218.5940379,212.5400945,225.1485508
1241,04/12/2020,214.3600006,218.6906412,211.8382385,225.4373851
1242,07/12/2020,214.2899933,219.1358814,212.6053011,225.6353747
1243,08/12/2020,216.0099945,219.4870844,212.610979,226.0932415
1244,09/12/2020,211.8000031,219.7646116,213.4782711,226.3581296
1245,10/12/2020,210.5200043,220.0514223,213.777794,226.7584647
1246,11/12/2020,213.2599945,220.2563196,213.492322,226.7827818
1247,14/12/2020,214.1999969,220.9214279,214.0968894,227.0574392
1248,15/12/2020,214.1300049,221.3042141,214.1976739,228.2076751
1249,16/12/2020,219.2799988,221.5905833,214.8601622,228.2211404
1250,17/12/2020,219.4199982,221.8633136,215.3931107,229.0479804
1251,18/12/2020,218.5899963,222.0316778,215.194762,228.819566
1252,21/12/2020,222.5899963,222.4665749,216.2352726,229.4234345
1253,22/12/2020,223.9400024,222.7399771,215.9847093,229.6055592
1254,23/12/2020,221.0200043,222.9056346,216.1442608,229.2597378
1255,24/12/2020,222.75,223.0498895,216.7597553,229.8027228
1256,28/12/2020,224.9600067,223.1395,216.7738398,229.7611396
1257,29/12/2020,224.1499939,223.3042256,217.0449637,229.3842988
1258,30/12/2020,221.6799927,223.3764724,217.0231339,230.2600315
1259,31/12/2020,222.4199982,223.4457467,217.0376186,229.9913004
1260,04/01/2021,217.6900024,223.4664299,217.4789971,230.3022732
1261,05/01/2021,217.8999939,223.6784268,217.7233541,230.0491436
1262,06/01/2021,212.25,223.8242981,217.1674051,230.1175868
1263,07/01/2021,218.2899933,223.9927282,217.3968174,230.256665
1264,08/01/2021,219.6199951,224.0981087,217.3693338,230.1893452
1265,11/01/2021,217.4900055,224.6287353,218.0347236,231.0325523
1266,12/01/2021,214.9299927,225.0357724,218.3496745,231.9534218
1267,13/01/2021,216.3399963,225.3864441,218.370015,232.0566326
1268,14/01/2021,213.0200043,225.7656343,219.3672002,232.4949808
1269,15/01/2021,212.6499939,226.0838284,219.6605472,232.5115078
1270,19/01/2021,216.4400024,227.8165671,221.6076703,234.2411881
1271,20/01/2021,224.3399963,228.3343409,221.5425766,234.6960348
1272,21/01/2021,224.9700012,228.8619639,222.4145064,235.6259586
1273,22/01/2021,225.9499969,229.3076148,221.8930377,235.6235051
1274,25/01/2021,229.5299988,230.6908702,224.1655126,237.2360409
1275,26/01/2021,232.3300018,231.3110601,224.9237883,237.8818203
1276,27/01/2021,232.8999939,231.83374,225.2974679,238.825619
1277,28/01/2021,238.9299927,232.3416569,225.7822062,238.9023969
1278,29/01/2021,231.9600067,232.7440084,226.0199495,239.5412314
1279,01/02/2021,239.6499939,233.8712523,227.4295606,240.1808524
1280,02/02/2021,239.5099945,234.3705573,227.3113958,240.7580654
1281,03/02/2021,243,234.7582702,228.0003986,241.5132698
1282,04/02/2021,242.0099945,235.1194831,228.6331007,241.5200229
1283,05/02/2021,242.1999969,235.3657355,228.9660957,242.2147562
1284,08/02/2021,242.4700012,235.9904771,229.0335815,242.6745427
1285,09/02/2021,243.7700043,236.3175121,229.8482089,242.9854287
1286,10/02/2021,242.8200073,236.5333777,230.2310313,243.320628
1287,11/02/2021,244.4900055,236.7244922,230.1800563,243.0298408
1288,12/02/2021,244.9900055,236.8034668,230.1262596,243.0606545
1289,13/02/2021,,236.9091761,230.3378345,243.510227
1290,14/02/2021,,237.0027231,230.2801784,243.3796074
1291,15/02/2021,,236.9502882,230.2273636,243.2709441
1292,16/02/2021,,237.1271937,230.1465009,243.5228474
1293,17/02/2021,,237.1976551,230.7843764,243.7011316
1294,18/02/2021,,237.2479673,230.9302048,243.7017142
1295,19/02/2021,,237.190539,230.8314166,243.5090657
1296,20/02/2021,,237.1640076,230.5143086,243.6619838
1297,21/02/2021,,237.129248,230.6500857,243.8873137
1298,22/02/2021,,236.952264,230.3052524,243.2079
1299,23/02/2021,,237.0082923,230.2324727,243.3400114
1300,24/02/2021,,236.9615873,230.0222294,243.6987484
1301,25/02/2021,,236.898636,230.3317304,243.2346322
1302,26/02/2021,,236.7322128,230.2079943,243.2477149
1303,27/02/2021,,236.6015071,230.6513058,243.572143
1304,28/02/2021,,236.4681362,229.5720896,242.5896
1305,01/03/2021,,236.1990318,229.5528539,242.4376674
1306,02/03/2021,,236.1705301,229.9971406,242.65449
1307,03/03/2021,,236.0481345,229.5155555,242.4680478
1308,04/03/2021,,235.9197006,229.3139292,242.3115842
1309,05/03/2021,,235.6994534,229.7298552,242.1054895
1310,06/03/2021,,235.5280724,228.6839797,241.9581837
1311,07/03/2021,,235.3686575,228.6866737,241.9939522
1312,08/03/2021,,235.089565,228.0191295,241.3760943
1313,09/03/2021,,235.0684464,228.4880138,241.9626094
1314,10/03/2021,,234.9719604,228.314942,241.6835953
1315,11/03/2021,,234.8889087,228.5814456,241.5059291
1316,12/03/2021,,234.7342088,228.0512554,241.4319814
1317,13/03/2021,,234.6489392,228.1605921,241.7193816
1318,14/03/2021,,234.5962721,228.1646461,241.467595
1319,15/03/2021,,234.444285,227.4651075,240.6329318
1320,16/03/2021,,234.5699836,227.9886514,241.0877196
1321,17/03/2021,,234.639007,228.2129873,241.3790984
1322,18/03/2021,,234.7387677,228.4137267,241.742774
1323,19/03/2021,,234.782438,228.3880462,241.234735
1324,20/03/2021,,234.9090196,227.9856806,241.5124096
1325,21/03/2021,,235.0793092,228.6349915,241.7792736
1326,22/03/2021,,235.1587527,228.4617083,241.9779872
1327,23/03/2021,,235.5215174,228.6906063,241.863123
1328,24/03/2021,,235.8302539,229.5178562,241.9182528
1329,25/03/2021,,236.1692968,229.6942154,242.8556
1330,26/03/2021,,236.4487156,229.856805,243.4717672
1331,27/03/2021,,236.8044497,230.0201276,243.4450548
1332,28/03/2021,,237.19434,230.9113769,243.8884822
1333,29/03/2021,,237.4810464,231.1051427,243.9293361
1334,30/03/2021,,238.0361792,231.4761531,244.8014389
1335,31/03/2021,,238.5201156,231.9376868,245.3756771
1336,01/04/2021,,239.0152472,232.3767161,246.0177254
1337,02/04/2021,,239.4300699,232.2948189,245.6457743
1338,03/04/2021,,239.8993488,233.2874824,246.4543263
1339,04/04/2021,,240.3801691,233.9760468,246.8326573
1340,05/04/2021,,240.7348627,234.5863462,247.6298716
1341,06/04/2021,,241.3351384,234.8298445,248.0380758
1342,07/04/2021,,241.8418854,235.1389194,248.6226269
1343,08/04/2021,,242.338399,235.9093003,249.0474661
1344,09/04/2021,,242.7344387,236.0544944,249.4408396
1345,10/04/2021,,243.1663525,236.6271167,249.5162421
1346,11/04/2021,,243.5930806,237.1825637,250.2384581
1347,12/04/2021,,243.8790283,237.2926968,250.7483369
1348,13/04/2021,,244.3981392,237.6338764,251.0006516
1349,14/04/2021,,244.8136384,238.334218,251.81927
1350,15/04/2021,,245.2111972,238.3663434,251.4925279
1351,16/04/2021,,245.5029313,238.8188143,251.8673603
1352,17/04/2021,,245.8274679,239.6076587,252.7660798
1353,18/04/2021,,246.1458963,239.8478151,252.6819208
1354,19/04/2021,,246.3245931,239.6101257,253.3806415
1355,20/04/2021,,246.7392553,239.6046873,253.3412689
1356,21/04/2021,,247.0546104,240.6315982,253.6208401
1357,22/04/2021,,247.3575578,240.4564643,254.0756405
1358,23/04/2021,,247.5611522,240.7827599,254.0536339
1359,24/04/2021,,247.8046648,240.8998596,254.6614613
1360,25/04/2021,,248.0495392,241.1497367,254.7498431
1361,26/04/2021,,248.1622287,241.4910021,254.8826588
1362,27/04/2021,,248.5182512,242.2140975,255.7077106
1363,28/04/2021,,248.781928,241.7633591,255.8796208
1364,29/04/2021,,249.03956,242.3678395,255.7243464
1365,30/04/2021,,249.2034514,242.6046829,255.8607296
1366,01/05/2021,,249.4120147,242.3055457,255.7931218
1367,02/05/2021,,249.6257711,243.2158668,256.6160896
1368,03/05/2021,,249.7102351,242.9033824,256.7911574
1369,04/05/2021,,250.0400132,243.3581575,256.6482008
1370,05/05/2021,,250.278585,243.7426338,256.7065003
1371,06/05/2021,,250.5115181,243.7189219,257.4270638
1372,07/05/2021,,250.6505231,243.5841359,257.2071693
1373,08/05/2021,,250.833586,243.9521272,257.7926055
1374,09/05/2021,,251.0209872,244.3125188,257.4163828
1375,10/05/2021,,251.078197,244.7409643,258.1509237
1376,11/05/2021,,251.3799772,244.9068756,258.1434919
1377,12/05/2021,,251.5901573,244.9860067,258.1067934
1378,13/05/2021,,251.7948354,245.0251678,258.7101843
1379,14/05/2021,,251.9064133,244.993464,258.9163731
1380,15/05/2021,,252.0637005,245.3319387,258.6908875
1381,16/05/2021,,252.2279004,245.1902226,259.2173244
1382,17/05/2021,,252.2654681,245.5010005,259.0666771
1383,18/05/2021,,252.5521708,245.8567863,259.2199694
1384,19/05/2021,,252.7528212,246.1753646,260.0405694
1385,20/05/2021,,252.954436,246.0542132,259.5195519
1386,21/05/2021,,253.0702287,246.1121346,259.4855344
1387,22/05/2021,,253.2396758,246.712898,260.5563997
1388,23/05/2021,,253.4244677,246.734158,260.4244826
1389,24/05/2021,,253.4913378,246.6532136,260.5070359
1390,25/05/2021,,253.8161012,247.120511,260.9250034
1391,26/05/2021,,254.0633732,247.6185239,260.882258
1392,27/05/2021,,254.3197207,247.4901963,261.0913819
1393,28/05/2021,,254.4976582,247.749267,261.4197364
1394,29/05/2021,,254.735724,247.5159884,261.7745591
1395,30/05/2021,,254.9944509,248.4851178,262.1295397
1396,31/05/2021,,255.139223,248.2603004,262.3527999
1397,01/06/2021,,255.5443479,248.3745866,262.5250994
1398,02/06/2021,,255.8728171,249.3711426,262.6566474
1399,03/06/2021,,256.2095031,249.2403439,263.4228544
1400,04/06/2021,,256.4652045,249.8617286,263.7196415
1401,05/06/2021,,256.7767743,249.3606202,263.9859683
1402,06/06/2021,,257.1031423,250.0503945,263.6491113
1403,07/06/2021,,257.3082223,249.4272778,264.192257
1404,08/06/2021,,257.7650324,250.6891816,264.935845
1405,09/06/2021,,258.1354984,251.1945633,265.2383916
1406,10/06/2021,,258.5036876,251.3689957,265.6647273
1407,11/06/2021,,258.7798839,252.0319905,265.8224058
1408,12/06/2021,,259.1007368,252.4150326,265.8245776
1409,13/06/2021,,259.4252957,252.186829,266.5759675
1410,14/06/2021,,259.6179188,252.4231848,266.496554
1411,15/06/2021,,260.0523852,252.7612821,266.8981266
1412,16/06/2021,,260.3916788,253.2258615,267.9195276
1413,17/06/2021,,260.7211949,253.2235618,267.9726061
1414,18/06/2021,,260.9527771,253.5199959,268.306273
1415,19/06/2021,,261.2248204,253.7392708,268.5810678
1416,20/06/2021,,261.4982542,253.9242952,268.8531128
1417,21/06/2021,,261.6393921,254.3877319,268.7621544
1418,22/06/2021,,262.0239839,254.1292844,268.9366886
1419,23/06/2021,,262.3169358,254.954475,269.7442571
1420,24/06/2021,,262.6054539,255.9088546,269.6237057
1421,25/06/2021,,262.8030206,255.459871,270.3534142
1422,26/06/2021,,263.0494414,255.3767171,270.1780369
1423,27/06/2021,,263.306776,256.0367379,270.4352207
1424,28/06/2021,,263.4421465,255.7627652,270.6781468
1425,29/06/2021,,263.8317538,256.2330376,271.1052069
1426,30/06/2021,,264.1405755,256.4832164,270.8359318
1427,01/07/2021,,264.4554968,257.3860834,271.8629179
1428,02/07/2021,,264.6892863,256.9869814,272.1488646
1429,03/07/2021,,264.9806551,257.753465,272.5578922
1430,04/07/2021,,265.2902122,257.3107294,272.3787676
1431,05/07/2021,,265.4833078,258.1834789,272.4471488
1432,06/07/2021,,265.9340976,258.4003634,273.098104
1433,07/07/2021,,266.3052958,258.9925838,274.0410545
1434,08/07/2021,,266.6813711,258.5604989,273.5318531
1435,09/07/2021,,266.9725934,259.1942954,274.3197476
1436,10/07/2021,,267.315168,260.2945393,274.7533486
1437,11/07/2021,,267.6672688,260.0733108,274.589117
1438,12/07/2021,,267.8919589,260.3799317,275.11236
1439,13/07/2021,,268.3613297,260.6985627,275.9770826
1440,14/07/2021,,268.736325,261.5592381,276.3253676
1441,15/07/2021,,269.0999998,261.9966661,276.7832525
1442,16/07/2021,,269.3616221,261.3112526,277.1108338
1443,17/07/2021,,269.6568509,262.2136364,277.8782992
1444,18/07/2021,,269.9438003,261.7825291,277.1991141
1445,19/07/2021,,270.0859792,261.7545275,277.5845493
1446,20/07/2021,,270.4564331,262.2723277,278.1137404
1447,21/07/2021,,270.7175579,262.7822432,278.6313279
1448,22/07/2021,,270.9543324,263.1714178,278.0621246
1449,23/07/2021,,271.0783801,262.9663786,279.0188756
1450,24/07/2021,,271.2280933,263.7629221,279.2383006
1451,25/07/2021,,271.364632,263.6071635,279.6126535
1452,26/07/2021,,271.3547859,263.6356069,279.1396217
1453,27/07/2021,,271.5750322,263.9086592,279.7012287
1454,28/07/2021,,271.6912572,263.0636449,280.3298527
1455,29/07/2021,,271.7918935,263.9931144,279.2375348
1456,30/07/2021,,271.7918853,263.6282452,279.7842296
1457,31/07/2021,,271.8327172,263.8405913,279.47349
1458,01/08/2021,,271.8783216,264.0398642,279.5057763
1459,02/08/2021,,271.7978576,263.7729759,279.9696652
1460,03/08/2021,,271.9696928,263.689286,279.9782134
1461,04/08/2021,,272.0610623,263.9085179,280.224738
1462,05/08/2021,,272.1611564,263.7676621,279.8684678
1463,06/08/2021,,272.1850508,264.2091113,280.2575889
1464,07/08/2021,,272.2737186,263.4600569,280.7167871
1465,08/08/2021,,272.3899364,264.3663501,280.5864286
1466,09/08/2021,,272.4010802,264.1561779,280.8190704
1467,10/08/2021,,272.6831422,264.4787592,281.335062
1468,11/08/2021,,272.9004405,264.2250987,281.0205089
1469,12/08/2021,,273.1387737,264.7967861,281.3343881
1470,13/08/2021,,273.3094327,265.0898817,281.8959493
1471,14/08/2021,,273.5493044,264.9115583,281.6069213
1472,15/08/2021,,273.8168818,265.5874945,282.0563401
1473,16/08/2021,,273.9751685,266.0746566,282.2765232
1474,17/08/2021,,274.3958103,266.2992933,282.3325299
1475,18/08/2021,,274.7389186,266.3586074,283.0954109
1476,19/08/2021,,275.0863394,266.335181,283.7584948
1477,20/08/2021,,275.3457715,267.1364454,283.8582333
1478,21/08/2021,,275.6509712,266.6960951,283.8999646
1479,22/08/2021,,275.9578501,267.6520145,284.3121059
1480,23/08/2021,,276.1274563,267.2019344,284.1639628
1481,24/08/2021,,276.5301645,268.3616356,285.2792436
1482,25/08/2021,,276.8255434,268.6980547,285.2564337
1483,26/08/2021,,277.0956471,268.3894658,285.7973608
1484,27/08/2021,,277.2491388,268.1063254,285.767683
1485,28/08/2021,,277.4214786,268.3381403,286.0145656
1486,29/08/2021,,277.5709876,269.1530568,286.9714078
1487,30/08/2021,,277.5617736,268.142235,286.5083103
1488,31/08/2021,,277.7678508,268.6231998,285.4760038
1489,01/09/2021,,277.8529189,268.636811,286.0092556
1490,02/09/2021,,277.9035545,268.7506308,286.7530005
1491,03/09/2021,,277.8332217,269.0008512,287.340347
1492,04/09/2021,,277.7823411,269.331166,287.0670385
1493,05/09/2021,,277.714228,269.1418967,286.2587016
1494,06/09/2021,,277.4978924,268.705658,285.9594812
1495,07/09/2021,,277.5120332,268.7185646,285.9871378
1496,08/09/2021,,277.4246983,268.5595712,285.9733756
1497,09/09/2021,,277.3263635,268.1379724,286.0671338
1498,10/09/2021,,277.1338442,268.1093469,286.3858422
1499,11/09/2021,,276.9902774,267.7528757,285.9683342
1500,12/09/2021,,276.8609902,267.4032375,285.5001461
1501,13/09/2021,,276.6162485,267.1938189,285.8727965
1502,14/09/2021,,276.6352187,267.2692129,285.9105373
1503,15/09/2021,,276.5856167,267.5621257,285.3385296
1504,16/09/2021,,276.5567963,266.7861074,285.548945
1505,17/09/2021,,276.4636909,267.0185496,285.9735418
1506,18/09/2021,,276.4468451,266.8557536,285.4870513
1507,19/09/2021,,276.4683521,266.8205327,285.5723626
1508,20/09/2021,,276.3946873,267.4195685,285.4441854
1509,21/09/2021,,276.6007697,266.9448147,285.6942901
1510,22/09/2021,,276.7497221,267.43123,285.5106719
1511,23/09/2021,,276.9260796,267.6891635,285.8622817
1512,24/09/2021,,277.0398568,267.09729,287.245158
1513,25/09/2021,,277.2267071,268.0002102,287.1039483
1514,26/09/2021,,277.4439866,267.6574963,287.1741764
1515,27/09/2021,,277.553709,267.672845,286.6167746
1516,28/09/2021,,277.9267214,267.9145156,287.8187295
1517,29/09/2021,,278.2225664,268.4393574,287.9853548
1518,30/09/2021,,278.52278,268.467743,287.9041884
1519,01/10/2021,,278.7350313,268.8476127,287.8258074
1520,02/10/2021,,278.9933373,268.4969838,288.6948373
1521,03/10/2021,,279.2541613,269.5009852,288.4687857
1522,04/10/2021,,279.3793835,269.5915021,288.9787753
1523,05/10/2021,,279.7404706,269.5234779,289.3400076
1524,06/10/2021,,279.9983126,270.1397864,289.3265941
1525,07/10/2021,,280.236475,270.0710932,290.1811398
1526,08/10/2021,,280.3652745,270.0764545,290.0428694
1527,09/10/2021,,280.5219136,270.4276932,290.5626185
1528,10/10/2021,,280.6664855,270.255484,290.671118
1529,11/10/2021,,280.6648379,271.0193907,290.801989
1530,12/10/2021,,280.8926297,270.0084145,290.2405411
1531,13/10/2021,,281.0150474,270.3875564,290.2343666
1532,14/10/2021,,281.1199365,271.1544582,290.8918327
1533,15/10/2021,,281.1217576,271.1358165,291.376156
1534,16/10/2021,,281.1616056,271.6556311,291.1093723
1535,17/10/2021,,281.2031072,270.8402978,291.8489721
1536,18/10/2021,,281.1151894,270.6491295,290.8694307
1537,19/10/2021,,281.2760525,271.18244,290.9529381
1538,20/10/2021,,281.3528202,270.6068292,291.1962114
1539,21/10/2021,,281.434621,270.9370297,291.8517724
1540,22/10/2021,,281.436514,270.5755561,291.4805081
1541,23/10/2021,,281.4994969,270.7146802,291.0634629
1542,24/10/2021,,281.5864123,271.4386519,291.7032103
1543,25/10/2021,,281.5647437,271.0830237,292.0436392
1544,26/10/2021,,281.810636,270.7737574,291.773222
1545,27/10/2021,,281.9886087,271.5948157,292.0413188
1546,28/10/2021,,282.1847166,271.3159186,292.619563
1547,29/10/2021,,282.310567,271.7206274,293.0137481
1548,30/10/2021,,282.5034303,271.5148967,292.9520959
1549,31/10/2021,,282.7222555,271.6544495,292.9320245
1550,01/11/2021,,282.8305801,272.526027,293.5309592
1551,02/11/2021,,283.2006647,272.4767655,293.7458609
1552,03/11/2021,,283.4933188,272.8652376,294.5444508
1553,04/11/2021,,283.7911683,272.5426842,294.4294053
1554,05/11/2021,,284.0027709,272.8308139,294.105719
1555,06/11/2021,,284.262814,273.0332216,295.0572606
1556,07/11/2021,,284.5282031,273.6015495,295.1485501
1557,08/11/2021,,284.6610301,273.4530016,295.9947778
1558,09/11/2021,,285.0327476,273.8708978,296.2645309
1559,10/11/2021,,285.3040176,273.7577829,296.5115096
1560,11/11/2021,,285.5579815,273.9455319,296.7085092
1561,12/11/2021,,285.7043599,274.0598508,296.7541291
1562,13/11/2021,,285.8796162,274.1568303,296.6180078
1563,14/11/2021,,286.0429939,274.5166642,297.4138545
1564,15/11/2021,,286.0594166,273.8956619,296.9302228
1565,16/11/2021,,286.3035815,275.0921446,297.5797892
1566,17/11/2021,,286.4397148,274.5316496,297.7383157
1567,18/11/2021,,286.5547399,275.0321684,297.6115541
1568,19/11/2021,,286.5622697,274.5217642,297.5731901
1569,20/11/2021,,286.6026589,274.8825193,297.8073569
1570,21/11/2021,,286.6389312,274.9775674,298.1404722
1571,22/11/2021,,286.5395721,274.5440728,298.0322105
1572,23/11/2021,,286.6825217,274.3960277,299.0438385
1573,24/11/2021,,286.7348383,274.6527894,298.3774514
1574,25/11/2021,,286.7857875,274.8889068,298.4414362
1575,26/11/2021,,286.7507683,274.7247697,298.6035109
1576,27/11/2021,,286.7713158,274.4944828,299.1192097
1577,28/11/2021,,286.8109955,274.7396095,299.3361502
1578,29/11/2021,,286.7381818,274.3269678,298.1966875
1579,30/11/2021,,286.9300545,274.3697749,298.7964609
1580,01/12/2021,,287.0522847,275.1555014,298.6227583
1581,02/12/2021,,287.1921636,275.0273693,299.4147052
1582,03/12/2021,,287.2625847,274.713661,298.9645712
1583,04/12/2021,,287.4021177,275.1090683,299.1392249
1584,05/12/2021,,287.5709869,275.0837555,299.6594032
1585,06/12/2021,,287.6339438,274.9508042,299.4734822
1586,07/12/2021,,287.9643657,275.8743291,300.027673
1587,08/12/2021,,288.2240489,276.0541532,300.3990738
1588,09/12/2021,,288.4964459,276.0162334,300.7392847
1589,10/12/2021,,288.6907558,275.9959374,301.5219916
1590,11/12/2021,,288.942102,276.2061892,300.9847815
1591,12/12/2021,,289.2076065,276.1471938,300.8157478
1592,13/12/2021,,289.3493501,276.7352458,301.6867271
1593,14/12/2021,,289.7385461,277.0126538,302.3698854
1594,15/12/2021,,290.0353934,276.746306,302.8931293
1595,16/12/2021,,290.3223602,276.8787387,302.9019463
1596,17/12/2021,,290.5083016,276.6575675,303.236502
1597,18/12/2021,,290.7286485,277.4602891,303.875833
1598,19/12/2021,,290.9414745,277.7799492,303.7478917
1599,20/12/2021,,291.0104319,277.4023492,303.631891
1600,21/12/2021,,291.3088829,278.3382903,304.3850299
1601,22/12/2021,,291.4996968,278.4957835,305.3350875
1602,23/12/2021,,291.6684615,278.584905,304.3450426
1603,24/12/2021,,291.727519,277.2854154,304.5275509
1604,25/12/2021,,291.816061,278.4987404,304.4959963
1605,26/12/2021,,291.8960967,279.003909,304.8407909
1606,27/12/2021,,291.8352841,277.6261271,304.7792716
1607,28/12/2021,,292.0109566,278.2578088,305.6247582
1608,29/12/2021,,292.0898153,278.7296807,304.9284213
1609,30/12/2021,,292.1610409,278.0908249,305.517245
1610,31/12/2021,,292.1402361,277.618824,305.2954613
1611,01/01/2022,,292.1694376,278.4746438,305.4272799
1612,02/01/2022,,292.2130109,278.7028101,305.5757762
1613,03/01/2022,,292.1404228,277.8092927,305.5786462
1614,04/01/2022,,292.3302234,278.5172725,305.7793473
1615,05/01/2022,,292.4497096,278.9219509,305.8517385
1616,06/01/2022,,292.5880243,278.2483404,306.7136777
1617,07/01/2022,,292.6601031,278.8577805,305.1372559
1618,08/01/2022,,292.8067054,278.5253656,306.0985607
1619,09/01/2022,,292.9903456,278.9749882,307.0316374
1620,10/01/2022,,293.0781141,279.2959564,306.6539287
1621,11/01/2022,,293.4457215,279.6001184,307.2134957
1622,12/01/2022,,293.7572354,279.5950247,307.8723692
1623,13/01/2022,,294.0982604,279.9858288,308.3737516
1624,14/01/2022,,294.3799731,280.299607,308.7320871
1625,15/01/2022,,294.7392442,280.3914194,308.9494109
1626,16/01/2022,,295.134663,280.6240676,309.694903
1627,17/01/2022,,295.4294502,280.5364077,309.2411667
1628,18/01/2022,,295.99559,281.8379672,309.71087
1629,19/01/2022,,296.4936493,281.2166258,310.3727686
1630,20/01/2022,,297.0060321,282.4976406,311.1380599
1631,21/01/2022,,297.4410786,282.6676276,311.6399576
1632,22/01/2022,,297.9332417,282.4866721,312.5080924
1633,23/01/2022,,298.4391515,283.6119341,313.549625
1634,24/01/2022,,298.8205564,283.9837972,312.3756731
1635,25/01/2022,,299.4484699,284.1370166,313.9203276
1636,26/01/2022,,299.9829901,285.3218233,314.4719308
1637,27/01/2022,,300.506543,285.7548767,315.4102336
1638,28/01/2022,,300.9279566,285.9368151,316.6893805
1639,29/01/2022,,301.3826018,286.2787584,316.3015403
1640,30/01/2022,,301.8284123,286.2506026,316.0121624
1641,31/01/2022,,302.1287722,286.8413238,317.0471123
1642,01/02/2022,,302.6566029,288.0763287,317.5133055
1643,02/02/2022,,303.0741195,286.8743935,317.6271541
1644,03/02/2022,,303.4660073,287.6977557,317.8784178
1645,04/02/2022,,303.7434304,287.5141337,319.2718697
1646,05/02/2022,,304.0441082,286.9509701,319.1750246
1647,06/02/2022,,304.3282745,288.317636,319.2183425
1648,07/02/2022,,304.4615101,288.2294408,319.3371355
1649,08/02/2022,,304.8187821,288.6441508,319.8821929
1650,09/02/2022,,305.0641595,289.2611357,320.5536141
1651,10/02/2022,,305.2839602,288.9377295,321.1220456
1652,11/02/2022,,305.3907372,289.4149921,320.7678095
1653,12/02/2022,,305.5233456,289.8802747,321.4247375
