Date,Open,High,Low,Close,Adj Close,Volume
Feb 08 2021,869.67,877.77,854.75,863.42,863.42,20079500
Feb 05 2021,845.00,864.77,838.97,852.23,852.23,18524800
Feb 04 2021,855.00,856.50,833.42,849.99,849.99,15812700
Feb 03 2021,877.02,878.08,853.06,854.69,854.69,18343500
Feb 02 2021,844.68,880.50,842.20,872.79,872.79,24346200
Feb 01 2021,814.29,842.00,795.56,839.81,839.81,25391400
Jan 29 2021,830.00,842.41,780.10,793.53,793.53,34990800
Jan 28 2021,820.00,848.00,801.00,835.43,835.43,26378000
Jan 27 2021,870.35,891.50,858.66,864.16,864.16,27334000
Jan 26 2021,891.38,895.90,871.60,883.09,883.09,23131600
Jan 25 2021,855.00,900.40,838.82,880.80,880.80,41173400
Jan 22 2021,834.31,848.00,828.62,846.64,846.64,19977100
Jan 21 2021,855.00,855.72,841.42,844.99,844.99,20598100
Jan 20 2021,858.74,859.50,837.28,850.45,850.45,25665900
Jan 19 2021,837.80,850.00,833.00,844.55,844.55,25367000
Jan 15 2021,852.00,859.90,819.10,826.16,826.16,38647900
Jan 14 2021,843.39,863.00,838.75,845.00,845.00,31266300
Jan 13 2021,852.76,860.47,832.00,854.41,854.41,33312500
Jan 12 2021,831.00,868.00,827.34,849.44,849.44,46270700
Jan 11 2021,849.40,854.43,803.62,811.19,811.19,59554100
Jan 08 2021,856.00,884.49,838.39,880.02,880.02,74661000
Jan 07 2021,777.63,816.99,775.20,816.04,816.04,51498900
Jan 06 2021,758.49,774.00,749.10,755.98,755.98,44700000
Jan 05 2021,723.66,740.84,719.20,735.11,735.11,32245200
Jan 04 2021,719.46,744.49,717.19,729.77,729.77,48638200
Dec 31 2020,699.99,718.72,691.12,705.67,705.67,49570900
Dec 30 2020,672.00,696.60,668.36,694.78,694.78,42846000
Dec 29 2020,661.00,669.90,655.00,665.99,665.99,22910800
Dec 28 2020,674.51,681.40,660.80,663.69,663.69,32278600
Dec 24 2020,642.99,666.09,641.00,661.77,661.77,22865600
Dec 23 2020,632.20,651.50,622.57,645.98,645.98,33173000
Dec 22 2020,648.00,649.88,614.23,640.34,640.34,51716000
Dec 21 2020,666.24,668.50,646.07,649.86,649.86,58045300
Dec 18 2020,668.90,695.00,628.54,695.00,695.00,222126200
Dec 17 2020,628.19,658.82,619.50,655.90,655.90,56270100
Dec 16 2020,628.23,632.50,605.00,622.77,622.77,42095800
Dec 15 2020,643.28,646.90,623.80,633.25,633.25,45223600
Dec 14 2020,619.00,642.75,610.20,639.83,639.83,52040600
Dec 11 2020,615.01,624.00,596.80,609.99,609.99,46475000
Dec 10 2020,574.37,627.75,566.34,627.07,627.07,67083200
Dec 09 2020,653.69,654.32,588.00,604.48,604.48,71291200
Dec 08 2020,625.51,651.28,618.50,649.88,649.88,64265000
Dec 07 2020,604.92,648.79,603.05,641.76,641.76,56309700
Dec 04 2020,591.01,599.04,585.50,599.04,599.04,29401300
Dec 03 2020,590.02,598.97,582.43,593.38,593.38,42552000
Dec 02 2020,556.44,571.54,541.21,568.82,568.82,47775700
Dec 01 2020,597.59,597.85,572.05,584.76,584.76,40382800
Nov 30 2020,602.21,607.80,554.51,567.60,567.60,63003100
Nov 27 2020,581.16,598.78,578.45,585.76,585.76,37561100
Nov 25 2020,550.06,574.00,545.37,574.00,574.00,48930200
Nov 24 2020,540.40,559.99,526.20,555.38,555.38,53648500
Nov 23 2020,503.50,526.00,501.79,521.85,521.85,50260300
Nov 20 2020,497.99,502.50,489.06,489.61,489.61,32911900
Nov 19 2020,492.00,508.61,487.57,499.27,499.27,62475300
Nov 18 2020,448.35,496.00,443.50,486.64,486.64,78044000
Nov 17 2020,460.17,462.00,433.01,441.61,441.61,61188300
Nov 16 2020,408.93,412.45,404.09,408.09,408.09,26838600
Nov 13 2020,410.85,412.53,401.66,408.50,408.50,19771100
Nov 12 2020,415.05,423.00,409.52,411.76,411.76,19855100
Nov 11 2020,416.45,418.70,410.58,417.13,417.13,17357700
Nov 10 2020,420.09,420.09,396.03,410.36,410.36,30284200
Nov 09 2020,439.50,452.50,421.00,421.26,421.26,34833000
Nov 06 2020,436.10,436.57,424.28,429.95,429.95,21706000
Nov 05 2020,428.30,440.00,424.00,438.09,438.09,28414500
Nov 04 2020,430.62,435.40,417.10,420.98,420.98,32143100
Nov 03 2020,409.73,427.77,406.69,423.90,423.90,34351700
Nov 02 2020,394.00,406.98,392.30,400.51,400.51,29021100
Oct 30 2020,406.90,407.59,379.11,388.04,388.04,42511300
Oct 29 2020,409.96,418.06,406.46,410.83,410.83,22655300
Oct 28 2020,416.48,418.60,406.00,406.02,406.02,25451400
Oct 27 2020,423.76,430.50,420.10,424.68,424.68,22686500
Oct 26 2020,411.63,425.76,410.00,420.28,420.28,28239200
Oct 23 2020,421.84,422.89,407.38,420.63,420.63,33717000
Oct 22 2020,441.92,445.23,424.51,425.79,425.79,39993200
Oct 21 2020,422.70,432.95,421.25,422.64,422.64,32370500
Oct 20 2020,431.75,431.75,419.05,421.94,421.94,31656300
Oct 19 2020,446.24,447.00,428.87,430.83,430.83,36287800
Oct 16 2020,454.44,455.95,438.85,439.67,439.67,32775900
Oct 15 2020,450.31,456.57,442.50,448.88,448.88,35672400
Oct 14 2020,449.78,465.90,447.35,461.30,461.30,48045400
Oct 13 2020,443.35,448.89,436.60,446.65,446.65,34463700
Oct 12 2020,442.00,448.74,438.58,442.30,442.30,38791100
Oct 09 2020,430.13,434.59,426.46,434.00,434.00,28925700
Oct 08 2020,438.44,439.00,425.30,425.92,425.92,40421100
Oct 07 2020,419.87,429.90,413.85,425.30,425.30,43127700
Oct 06 2020,423.79,428.78,406.05,413.98,413.98,49146300
Oct 05 2020,423.35,433.64,419.33,425.68,425.68,44722800
Oct 02 2020,421.39,439.13,415.00,415.09,415.09,71430000
Oct 01 2020,440.76,448.88,434.42,448.16,448.16,50741500
Sep 30 2020,421.32,433.93,420.47,429.01,429.01,48145600
Sep 29 2020,416.00,428.50,411.60,419.07,419.07,50219300
Sep 28 2020,424.62,428.08,415.55,421.20,421.20,49719600
Sep 25 2020,393.47,408.73,391.30,407.34,407.34,67208500
Sep 24 2020,363.80,399.50,351.30,387.79,387.79,96561100
Sep 23 2020,405.16,412.15,375.88,380.36,380.36,95074200
Sep 22 2020,429.60,437.76,417.60,424.23,424.23,79580800
Sep 21 2020,453.13,455.68,407.07,449.39,449.39,109476800
Sep 18 2020,447.94,451.00,428.80,442.15,442.15,86406800
Sep 17 2020,415.60,437.79,408.00,423.43,423.43,76779200
Sep 16 2020,439.87,457.79,435.31,441.76,441.76,72279300
Sep 15 2020,436.56,461.94,430.70,449.76,449.76,97298200
Sep 14 2020,380.95,420.00,373.30,419.62,419.62,83020600
Sep 11 2020,381.94,382.50,360.50,372.72,372.72,60717500
Sep 10 2020,386.21,398.99,360.56,371.34,371.34,84930600
Sep 09 2020,356.60,369.00,341.51,366.28,366.28,79465800
Sep 08 2020,356.00,368.74,329.88,330.21,330.21,115465700
Sep 04 2020,402.81,428.00,372.02,418.32,418.32,110321900
Sep 03 2020,407.23,431.80,402.00,407.00,407.00,87596100
Sep 02 2020,478.99,479.04,405.12,447.37,447.37,96176100
Sep 01 2020,502.14,502.49,470.51,475.05,475.05,90119400
Aug 31 2020,444.61,500.14,440.11,498.32,498.32,118374400
Aug 28 2020,459.02,463.70,437.30,442.68,442.68,100406000
Aug 27 2020,436.09,459.12,428.50,447.75,447.75,118465000
Aug 26 2020,412.00,433.20,410.73,430.63,430.63,71197000
Aug 25 2020,394.98,405.59,393.60,404.67,404.67,53294500
Aug 24 2020,425.26,425.80,385.50,402.84,402.84,100318000
Aug 21 2020,408.95,419.10,405.01,410.00,410.00,107448000
Aug 20 2020,372.14,404.40,371.41,400.37,400.37,103059000
Aug 19 2020,373.00,382.20,368.24,375.71,375.71,61026500
Aug 18 2020,379.80,384.78,369.02,377.42,377.42,82372500
Aug 17 2020,335.40,369.17,334.57,367.13,367.13,101211500
Aug 14 2020,333.00,333.76,325.33,330.14,330.14,62888000
Aug 13 2020,322.20,330.24,313.45,324.20,324.20,102126500
Aug 12 2020,294.00,317.00,287.00,310.95,310.95,109494000
Aug 11 2020,279.20,284.00,273.00,274.88,274.88,43129000
Aug 10 2020,289.60,291.50,277.17,283.71,283.71,37611500
Aug 07 2020,299.91,299.95,283.00,290.54,290.54,44482000
Aug 06 2020,298.17,303.46,295.45,297.92,297.92,29961500
Aug 05 2020,298.60,299.97,293.66,297.00,297.00,24890000
Aug 04 2020,299.00,305.48,292.40,297.40,297.40,42075000
Aug 03 2020,289.84,301.96,288.88,297.00,297.00,44046500
Jul 31 2020,303.00,303.41,284.20,286.15,286.15,61235000
Jul 30 2020,297.60,302.65,294.20,297.50,297.50,38105000
Jul 29 2020,300.20,306.96,297.40,299.82,299.82,47134500
Jul 28 2020,300.80,312.94,294.88,295.30,295.30,79043500
Jul 27 2020,287.00,309.59,282.60,307.92,307.92,80243500
Jul 24 2020,283.20,293.00,273.31,283.40,283.40,96983000
Jul 23 2020,335.79,337.80,296.15,302.61,302.61,121642500
Jul 22 2020,319.80,325.28,312.40,318.47,318.47,70805500
Jul 21 2020,327.99,335.00,311.60,313.67,313.67,80786500
Jul 20 2020,303.80,330.00,297.60,328.60,328.60,85607000
Jul 17 2020,302.69,307.50,298.00,300.17,300.17,46650000
Jul 16 2020,295.43,306.34,293.20,300.13,300.13,71504000
Jul 15 2020,308.60,310.00,291.40,309.20,309.20,81839000
Jul 14 2020,311.20,318.00,286.20,303.36,303.36,117090500
Jul 13 2020,331.80,359.00,294.22,299.41,299.41,194927000
Jul 10 2020,279.20,309.78,275.20,308.93,308.93,116688000
Jul 09 2020,279.40,281.71,270.26,278.86,278.86,58588000
Jul 08 2020,281.00,283.45,262.27,273.18,273.18,81556500
Jul 07 2020,281.00,285.90,267.34,277.97,277.97,107448500
Jul 06 2020,255.34,275.56,253.21,274.32,274.32,102849500
Jul 02 2020,244.30,245.60,237.12,241.73,241.73,86250500
Jul 01 2020,216.60,227.07,216.10,223.93,223.93,66634500
Jun 30 2020,201.30,217.54,200.75,215.96,215.96,84592500
Jun 29 2020,193.80,202.00,189.70,201.87,201.87,45132000
Jun 26 2020,198.96,199.00,190.97,191.95,191.95,44274500
Jun 25 2020,190.85,197.20,187.43,197.20,197.20,46272500
Jun 24 2020,198.82,200.18,190.63,192.17,192.17,54798000
Jun 23 2020,199.78,202.40,198.80,200.36,200.36,31826500
Jun 22 2020,199.99,201.78,198.00,198.86,198.86,31812000
Jun 19 2020,202.56,203.19,198.27,200.18,200.18,43398500
Jun 18 2020,200.60,203.84,198.89,200.79,200.79,48759500
Jun 17 2020,197.54,201.00,196.51,198.36,198.36,49454000
Jun 16 2020,202.37,202.58,192.48,196.43,196.43,70255500
Jun 15 2020,183.56,199.77,181.70,198.18,198.18,78486000
Jun 12 2020,196.00,197.60,182.52,187.06,187.06,83817000
Jun 11 2020,198.04,203.79,194.40,194.57,194.57,79582500
Jun 10 2020,198.38,205.50,196.50,205.01,205.01,92817000
Jun 09 2020,188.00,190.89,184.79,188.13,188.13,56941000
Jun 08 2020,183.80,190.00,181.83,189.98,189.98,70873500
Jun 05 2020,175.57,177.30,173.24,177.13,177.13,39059500
Jun 04 2020,177.98,179.15,171.69,172.88,172.88,44438500
Jun 03 2020,177.62,179.59,176.02,176.59,176.59,39747500
Jun 02 2020,178.94,181.73,174.20,176.31,176.31,67828000
Jun 01 2020,171.60,179.80,170.82,179.62,179.62,74697500
May 29 2020,161.75,167.00,160.84,167.00,167.00,59062500
May 28 2020,162.70,164.95,160.34,161.16,161.16,36278000
May 27 2020,164.17,165.54,157.00,164.05,164.05,57747500
May 26 2020,166.90,166.92,163.14,163.77,163.77,40448500
May 22 2020,164.43,166.36,162.40,163.38,163.38,49937500
May 21 2020,163.20,166.50,159.20,165.52,165.52,61273000
May 20 2020,164.10,165.20,162.36,163.11,163.11,36546500
May 19 2020,163.03,164.41,161.22,161.60,161.60,48182500
May 18 2020,165.56,166.94,160.78,162.73,162.73,58490500
May 15 2020,158.07,161.01,157.31,159.83,159.83,52592000
May 14 2020,156.00,160.67,152.80,160.67,160.67,68411000
May 13 2020,164.17,165.20,152.66,158.19,158.19,95327500
May 12 2020,165.40,168.66,161.60,161.88,161.88,79534500
May 11 2020,158.10,164.80,157.00,162.26,162.26,82598000
May 08 2020,158.75,164.80,157.40,163.88,163.88,80650500
May 07 2020,155.44,159.28,154.47,156.01,156.01,57638500
May 06 2020,155.30,157.96,152.22,156.52,156.52,55616000
May 05 2020,157.96,159.78,152.44,153.64,153.64,84958500
May 04 2020,140.20,152.40,139.60,152.24,152.24,96185500
May 01 2020,151.00,154.55,136.61,140.26,140.26,162659000
Apr 30 2020,171.04,173.96,152.70,156.38,156.38,142359500
Apr 29 2020,158.03,160.64,156.63,160.10,160.10,81080000
Apr 28 2020,159.13,161.00,151.34,153.82,153.82,76110000
Apr 27 2020,147.52,159.90,147.00,159.75,159.75,103407000
Apr 24 2020,142.16,146.15,139.64,145.03,145.03,66188000
Apr 23 2020,145.52,146.80,140.63,141.13,141.13,66183500
Apr 22 2020,140.80,146.80,137.74,146.42,146.42,71124000
Apr 21 2020,146.02,150.67,134.76,137.34,137.34,101045500
Apr 20 2020,146.54,153.11,142.44,149.27,149.27,73733000
Apr 17 2020,154.46,154.99,149.53,150.78,150.78,65641000
Apr 16 2020,143.39,151.89,141.34,149.04,149.04,103289500
Apr 15 2020,148.40,150.63,142.00,145.97,145.97,117885000
Apr 14 2020,139.79,148.38,138.49,141.98,141.98,152882500
Apr 13 2020,118.03,130.40,116.11,130.19,130.19,112377000
Apr 09 2020,112.42,115.04,111.42,114.60,114.60,68250000
Apr 08 2020,110.84,111.44,106.67,109.77,109.77,63280000
Apr 07 2020,109.00,113.00,106.47,109.09,109.09,89599000
Apr 06 2020,102.24,104.20,99.59,103.25,103.25,74509000
Apr 03 2020,101.90,103.10,93.68,96.00,96.00,112810500
Apr 02 2020,96.21,98.85,89.28,90.89,90.89,99292000
Apr 01 2020,100.80,102.79,95.02,96.31,96.31,66766000
Mar 31 2020,100.25,108.59,99.40,104.80,104.80,88857500
Mar 30 2020,102.05,103.33,98.25,100.43,100.43,59990500
Mar 27 2020,101.00,105.16,98.81,102.87,102.87,71887000
Mar 26 2020,109.48,112.00,102.45,105.63,105.63,86903500
Mar 25 2020,109.05,111.40,102.22,107.85,107.85,106113500
Mar 24 2020,95.46,102.74,94.80,101.00,101.00,114476000
Mar 23 2020,86.72,88.40,82.10,86.86,86.86,82272500
Mar 20 2020,87.64,95.40,85.16,85.51,85.51,141427500
Mar 19 2020,74.94,90.40,71.69,85.53,85.53,150977500
Mar 18 2020,77.80,80.97,70.10,72.24,72.24,118931000
Mar 17 2020,88.00,94.37,79.20,86.04,86.04,119973000
Mar 16 2020,93.90,98.97,88.43,89.01,89.01,102447500
Mar 13 2020,119.00,121.51,100.40,109.32,109.32,113201500
Mar 12 2020,116.18,118.90,109.25,112.11,112.11,94545500
Mar 11 2020,128.04,130.72,122.60,126.85,126.85,66612500
Mar 10 2020,131.89,133.60,121.60,129.07,129.07,77972000
Mar 09 2020,121.08,132.60,121.00,121.60,121.60,85368500
Mar 06 2020,138.00,141.40,136.85,140.70,140.70,63314500
Mar 05 2020,144.75,149.15,143.61,144.91,144.91,54263500
Mar 04 2020,152.79,153.30,144.95,149.90,149.90,75245000
Mar 03 2020,161.00,161.40,143.22,149.10,149.10,128920000
Mar 02 2020,142.25,148.74,137.33,148.72,148.72,100975000
Feb 28 2020,125.94,138.10,122.30,133.60,133.60,122821000
Feb 27 2020,146.00,147.95,133.80,135.80,135.80,121386000
Feb 26 2020,156.50,162.66,155.22,155.76,155.76,70427500
Feb 25 2020,169.80,171.32,157.40,159.98,159.98,86452500
Feb 24 2020,167.80,172.70,164.44,166.76,166.76,75961000
Feb 21 2020,181.40,182.61,176.09,180.20,180.20,71574000
Feb 20 2020,182.39,182.40,171.99,179.88,179.88,88174500
Feb 19 2020,184.70,188.96,180.20,183.48,183.48,127115000
Feb 18 2020,168.32,172.00,166.47,171.68,171.68,81908500
Feb 14 2020,157.44,162.59,157.10,160.01,160.01,78468500
Feb 13 2020,148.37,163.60,147.00,160.80,160.80,131446500
Feb 12 2020,155.57,157.95,152.67,153.46,153.46,60112500
Feb 11 2020,153.76,156.70,151.60,154.88,154.88,58487500
Feb 10 2020,160.00,164.00,150.48,154.26,154.26,123446000
Feb 07 2020,146.11,153.95,146.00,149.61,149.61,85317500
Feb 06 2020,139.98,159.17,137.40,149.79,149.79,199404000
Feb 05 2020,164.65,169.20,140.82,146.94,146.94,242119000
Feb 04 2020,176.59,193.80,166.78,177.41,177.41,304694000
Feb 03 2020,134.74,157.23,134.70,156.00,156.00,236167500
Jan 31 2020,128.00,130.60,126.50,130.11,130.11,78596500
Jan 30 2020,126.48,130.18,123.60,128.16,128.16,145028500
Jan 29 2020,115.14,117.96,113.49,116.20,116.20,89007500
Jan 28 2020,113.70,115.36,111.62,113.38,113.38,58942500
Jan 27 2020,108.40,112.89,107.86,111.60,111.60,68040500
Jan 24 2020,114.13,114.77,110.85,112.96,112.96,71768000
Jan 23 2020,112.85,116.40,111.12,114.44,114.44,98255000
Jan 22 2020,114.38,118.90,111.82,113.91,113.91,156845000
Jan 21 2020,106.05,109.72,105.68,109.44,109.44,89017500
Jan 17 2020,101.52,103.13,100.63,102.10,102.10,68145500
Jan 16 2020,98.75,102.89,98.43,102.70,102.70,108683500
Jan 15 2020,105.95,107.57,103.36,103.70,103.70,86844000
Jan 14 2020,108.85,109.48,104.98,107.58,107.58,144981000
Jan 13 2020,98.70,105.13,98.40,104.97,104.97,132588000
Jan 10 2020,96.36,96.99,94.74,95.63,95.63,64797500
Jan 09 2020,99.42,99.76,94.57,96.27,96.27,142202000
Jan 08 2020,94.74,99.70,93.65,98.43,98.43,155721500
Jan 07 2020,92.28,94.33,90.67,93.81,93.81,89410500
Jan 06 2020,88.09,90.31,88.00,90.31,90.31,50665000
Jan 03 2020,88.10,90.80,87.38,88.60,88.60,88892500
Jan 02 2020,84.90,86.14,84.34,86.05,86.05,47660500
Dec 31 2019,81.00,84.26,80.42,83.67,83.67,51428500
Dec 30 2019,85.76,85.80,81.85,82.94,82.94,62932000
Dec 27 2019,87.00,87.06,85.22,86.08,86.08,49728500
Dec 26 2019,85.58,86.70,85.27,86.19,86.19,53169500
Dec 24 2019,83.67,85.09,82.54,85.05,85.05,40273500
Dec 23 2019,82.36,84.40,82.00,83.84,83.84,66598000
Dec 20 2019,82.06,82.60,80.04,81.12,81.12,73763500
Dec 19 2019,79.46,81.37,79.30,80.81,80.81,90535500
Dec 18 2019,76.13,79.04,76.12,78.63,78.63,70605000
Dec 17 2019,75.80,77.10,75.18,75.80,75.80,42484000
Dec 16 2019,72.51,76.72,72.50,76.30,76.30,90871000
Dec 13 2019,72.21,73.04,70.93,71.68,71.68,32854500
Dec 12 2019,70.98,72.55,70.65,71.94,71.94,38819500
Dec 11 2019,70.38,71.44,70.22,70.54,70.54,34489000
Dec 10 2019,67.99,70.15,67.86,69.77,69.77,44141500
Dec 09 2019,67.32,68.89,67.02,67.91,67.91,45115500
Dec 06 2019,67.00,67.77,66.95,67.18,67.18,38062000
Dec 05 2019,66.57,66.88,65.45,66.07,66.07,18623000
Dec 04 2019,67.55,67.57,66.57,66.61,66.61,27665000
Dec 03 2019,66.52,67.58,66.44,67.24,67.24,32868500
Dec 02 2019,65.88,67.28,65.74,66.97,66.97,30372500
Nov 29 2019,66.22,66.25,65.50,65.99,65.99,12328000
Nov 27 2019,66.22,66.79,65.71,66.26,66.26,27778000
Nov 26 2019,67.05,67.10,65.42,65.78,65.78,39737000
Nov 25 2019,68.86,68.91,66.89,67.27,67.27,61697500
Nov 22 2019,68.03,68.20,66.00,66.61,66.61,84353000
Nov 21 2019,70.90,72.17,70.80,70.97,70.97,30550000
Nov 20 2019,72.00,72.24,69.91,70.44,70.44,33625500
Nov 19 2019,70.35,72.00,69.56,71.90,71.90,38624000
Nov 18 2019,70.58,70.63,69.22,70.00,70.00,22002000
Nov 15 2019,70.13,70.56,69.67,70.43,70.43,24045000
Nov 14 2019,69.22,70.77,68.58,69.87,69.87,32324500
Nov 13 2019,71.00,71.27,69.04,69.22,69.22,42100500
Nov 12 2019,69.38,70.07,68.81,69.99,69.99,36797000
Nov 11 2019,68.79,69.84,68.40,69.02,69.02,49933500
Nov 08 2019,66.90,67.49,66.50,67.43,67.43,30346000
Nov 07 2019,65.83,68.30,65.60,67.11,67.11,72336500
Nov 06 2019,63.60,65.34,62.90,65.32,65.32,39704500
Nov 05 2019,63.92,64.70,63.22,63.44,63.44,34717000
Nov 04 2019,62.96,64.39,61.85,63.49,63.49,43935000
Nov 01 2019,63.26,63.30,61.96,62.66,62.66,31919500
Oct 31 2019,62.62,63.80,62.60,62.98,62.98,25335000
Oct 30 2019,62.60,63.76,61.99,63.00,63.00,48209000
Oct 29 2019,64.00,64.86,62.95,63.24,63.24,63421500
Oct 28 2019,65.51,68.17,64.52,65.54,65.54,94351500
Oct 25 2019,59.54,66.00,59.22,65.63,65.63,150030500
Oct 24 2019,59.67,60.99,57.84,59.94,59.94,148604500
Oct 23 2019,50.90,51.23,50.27,50.94,50.94,26305500
Oct 22 2019,50.86,51.67,50.17,51.12,51.12,23004000
Oct 21 2019,51.67,51.90,50.04,50.70,50.70,25101500
Oct 18 2019,52.14,52.56,51.02,51.39,51.39,28749000
Oct 17 2019,52.50,52.96,52.03,52.39,52.39,23846500
Oct 16 2019,51.48,52.42,51.38,51.95,51.95,33420500
Oct 15 2019,51.54,52.00,50.82,51.58,51.58,32164000
Oct 14 2019,49.58,51.71,49.43,51.39,51.39,51025000
Oct 11 2019,49.43,50.22,49.36,49.58,49.58,42377000
Oct 10 2019,49.06,49.86,48.32,48.95,48.95,31416500
Oct 09 2019,48.26,49.46,48.13,48.91,48.91,34472000
Oct 08 2019,47.17,48.79,46.90,48.01,48.01,43391000
Oct 07 2019,45.96,47.71,45.71,47.54,47.54,40321000
Oct 04 2019,46.32,46.96,45.61,46.29,46.29,39975000
Oct 03 2019,46.37,46.90,44.86,46.61,46.61,75422500
Oct 02 2019,48.66,48.93,47.89,48.63,48.63,28157000
Oct 01 2019,48.30,49.19,47.83,48.94,48.94,30813000
Sep 30 2019,48.60,48.80,47.22,48.17,48.17,29399000
Sep 27 2019,48.44,49.74,47.75,48.43,48.43,55582000
Sep 26 2019,46.13,48.66,45.48,48.51,48.51,59422500
Sep 25 2019,44.91,45.80,43.67,45.74,45.74,47135500
Sep 24 2019,48.30,48.40,44.52,44.64,44.64,64457500
Sep 23 2019,48.00,49.04,47.84,48.25,48.25,21701000
Sep 20 2019,49.30,49.39,47.63,48.12,48.12,31765000
Sep 19 2019,49.20,49.59,48.97,49.32,49.32,23979000
Sep 18 2019,49.00,49.63,48.47,48.70,48.70,20851000
Sep 17 2019,48.49,49.12,48.07,48.96,48.96,19327000
Sep 16 2019,49.20,49.49,48.23,48.56,48.56,23640500
Sep 13 2019,49.39,49.69,48.97,49.04,49.04,26565500
Sep 12 2019,49.54,50.70,48.88,49.17,49.17,42906000
Sep 11 2019,47.48,49.63,47.20,49.42,49.42,50214000
Sep 10 2019,46.16,47.11,45.79,47.11,47.11,24418500
Sep 09 2019,46.00,46.75,45.85,46.36,46.36,24013500
Sep 06 2019,45.44,45.93,45.03,45.49,45.49,20947000
Sep 05 2019,44.50,45.96,44.17,45.92,45.92,36976500
Sep 04 2019,45.38,45.69,43.84,44.14,44.14,28805000
Sep 03 2019,44.82,45.79,44.63,45.00,45.00,26770500
Aug 30 2019,45.83,46.49,44.84,45.12,45.12,46603000
Aug 29 2019,43.80,44.68,43.60,44.34,44.34,25897500
Aug 28 2019,42.74,43.45,42.46,43.12,43.12,16127500
Aug 27 2019,43.15,43.76,42.41,42.82,42.82,27081000
Aug 26 2019,42.72,43.00,42.31,43.00,43.00,25259500
Aug 23 2019,43.99,44.23,42.20,42.28,42.28,42693000
Aug 22 2019,44.56,45.08,43.64,44.43,44.43,32795000
Aug 21 2019,44.40,44.64,43.52,44.17,44.17,38971500
Aug 20 2019,45.52,45.82,44.91,45.17,45.17,20626000
Aug 19 2019,44.84,45.57,44.34,45.37,45.37,26548000
Aug 16 2019,43.33,44.45,43.20,43.99,43.99,25492500
Aug 15 2019,44.17,44.31,42.31,43.13,43.13,40798000
Aug 14 2019,46.24,46.30,43.34,43.92,43.92,47813000
Aug 13 2019,45.76,47.20,45.51,47.00,47.00,24240500
Aug 12 2019,46.60,47.15,45.75,45.80,45.80,23319500
Aug 09 2019,47.21,47.79,46.76,47.00,47.00,19491000
Aug 08 2019,46.89,47.96,46.53,47.66,47.66,26371500
Aug 07 2019,45.30,46.71,45.16,46.68,46.68,23882500
Aug 06 2019,46.38,46.50,45.15,46.15,46.15,27821000
Aug 05 2019,45.92,46.27,45.16,45.66,45.66,35141500
Aug 02 2019,46.27,47.25,45.85,46.87,46.87,30682500
Aug 01 2019,48.53,48.90,46.35,46.77,46.77,41297500
Jul 31 2019,48.60,49.34,47.33,48.32,48.32,45891000
Jul 30 2019,46.58,48.67,46.44,48.45,48.45,40545000
Jul 29 2019,45.42,47.19,45.21,47.15,47.15,46366500
Jul 26 2019,45.38,46.05,44.45,45.61,45.61,50138500
Jul 25 2019,46.70,46.90,45.11,45.76,45.76,112091500
Jul 24 2019,51.83,53.21,51.63,52.98,52.98,55364000
Jul 23 2019,51.34,52.10,50.90,52.03,52.03,25115500
Jul 22 2019,51.75,52.43,50.84,51.14,51.14,34212000
Jul 19 2019,51.14,51.99,50.92,51.64,51.64,35242000
Jul 18 2019,51.01,51.15,50.38,50.71,50.71,23793000
Jul 17 2019,51.13,51.66,50.67,50.97,50.97,48823500
Jul 16 2019,49.86,50.71,49.59,50.48,50.48,40745000
Jul 15 2019,49.60,50.88,48.97,50.70,50.70,55000500
Jul 12 2019,47.95,49.08,47.94,49.02,49.02,46002500
Jul 11 2019,47.63,48.30,47.16,47.72,47.72,37572000
Jul 10 2019,46.83,47.79,46.63,47.78,47.78,45728500
Jul 09 2019,45.79,46.20,45.46,46.01,46.01,30954000
Jul 08 2019,46.25,46.45,45.73,46.07,46.07,29402500
Jul 05 2019,46.91,47.09,46.16,46.62,46.62,35328500
Jul 03 2019,47.88,48.31,46.90,46.98,46.98,71005500
Jul 02 2019,45.78,45.83,44.44,44.91,44.91,46295000
Jul 01 2019,46.04,46.62,45.26,45.43,45.43,41067000
Jun 28 2019,44.20,45.03,44.16,44.69,44.69,34257000
Jun 27 2019,43.89,44.58,43.47,44.57,44.57,31698500
Jun 26 2019,44.06,45.45,43.62,43.85,43.85,42536000
Jun 25 2019,44.88,45.07,43.90,43.95,43.95,30910500
Jun 24 2019,44.65,45.17,44.20,44.73,44.73,28754000
Jun 21 2019,43.24,44.44,43.10,44.37,44.37,41010500
Jun 20 2019,44.60,45.38,43.27,43.92,43.92,59317500
Jun 19 2019,45.02,45.55,44.21,45.29,45.29,32875500
Jun 18 2019,45.74,46.95,44.51,44.95,44.95,63579000
Jun 17 2019,43.10,45.40,42.85,45.01,45.01,61584000
Jun 14 2019,42.25,43.33,42.08,42.98,42.98,37167000
Jun 13 2019,42.08,42.98,41.50,42.78,42.78,40841500
Jun 12 2019,44.59,44.68,41.80,41.85,41.85,75987500
Jun 11 2019,43.83,44.18,42.70,43.42,43.42,58267500
Jun 10 2019,42.05,43.39,41.80,42.58,42.58,52925000
Jun 07 2019,41.00,42.17,40.70,40.90,40.90,80017500
Jun 06 2019,40.89,42.20,40.36,41.19,41.19,101211000
Jun 05 2019,39.74,40.26,38.37,39.32,39.32,67554000
Jun 04 2019,36.22,38.80,35.92,38.72,38.72,69037500
Jun 03 2019,37.10,37.34,35.40,35.79,35.79,65322000
May 31 2019,37.02,37.98,36.82,37.03,37.03,52033500
May 30 2019,37.75,38.45,37.40,37.64,37.64,39632500
May 29 2019,37.42,38.48,37.01,37.97,37.97,59843000
May 28 2019,38.24,39.00,37.57,37.74,37.74,51564500
May 24 2019,39.97,40.00,37.75,38.13,38.13,70683000
May 23 2019,38.87,39.89,37.24,39.10,39.10,132735500
May 22 2019,39.82,40.79,38.36,38.55,38.55,93426000
May 21 2019,39.55,41.48,39.21,41.02,41.02,90019500
May 20 2019,40.56,41.20,39.05,41.07,41.07,102631000
May 17 2019,44.39,44.45,41.78,42.21,42.21,88933500
May 16 2019,45.90,46.20,45.30,45.67,45.67,37416500
May 15 2019,45.86,46.49,45.05,46.39,46.39,36480000
May 14 2019,45.86,46.90,45.60,46.46,46.46,36262000
May 13 2019,46.40,46.49,44.90,45.40,45.40,54174000
May 10 2019,47.95,48.40,47.20,47.90,47.90,35041500
May 09 2019,48.40,48.74,47.39,48.40,48.40,33557000
May 08 2019,49.39,50.12,48.84,48.97,48.97,30882000
May 07 2019,51.36,51.44,49.02,49.41,49.41,50657000
May 06 2019,50.00,51.67,49.70,51.07,51.07,54169500
May 03 2019,48.77,51.32,48.70,51.01,51.01,118534000
May 02 2019,49.10,49.43,47.54,48.82,48.82,90796500
May 01 2019,47.77,48.00,46.30,46.80,46.80,53522000
Apr 30 2019,48.41,48.84,47.40,47.74,47.74,47323000
Apr 29 2019,47.17,48.80,46.43,48.29,48.29,83572500
Apr 26 2019,49.30,49.34,46.23,47.03,47.03,111803500
Apr 25 2019,51.00,51.80,49.21,49.53,49.53,109247000
Apr 24 2019,52.77,53.06,51.60,51.73,51.73,53637500
Apr 23 2019,52.03,53.12,51.15,52.78,52.78,54719500
Apr 22 2019,53.80,53.94,52.50,52.55,52.55,60735500
Apr 18 2019,54.25,54.97,53.95,54.65,54.65,29381500
Apr 17 2019,54.95,54.96,53.71,54.25,54.25,25632500
Apr 16 2019,53.15,55.00,52.94,54.67,54.67,36364500
Apr 15 2019,53.73,53.78,51.73,53.28,53.28,50193000
Apr 12 2019,54.04,54.39,53.37,53.54,53.54,33730000
Apr 11 2019,53.66,54.10,53.12,53.68,53.68,49179500
Apr 10 2019,55.35,55.68,54.58,55.21,55.21,35306500
Apr 09 2019,54.33,55.00,53.92,54.46,54.46,29520000
Apr 08 2019,55.54,56.23,54.09,54.64,54.64,52052000
Apr 05 2019,53.97,55.22,53.22,54.99,54.99,65191500
Apr 04 2019,52.38,54.24,52.12,53.56,53.56,118603500
Apr 03 2019,57.46,59.23,57.43,58.36,58.36,39597000
Apr 02 2019,57.66,57.89,56.78,57.18,57.18,27394500
Apr 01 2019,56.52,57.84,56.26,57.84,57.84,40552000
Mar 29 2019,55.74,56.03,54.90,55.97,55.97,29956500
Mar 28 2019,55.43,56.07,55.02,55.72,55.72,33870500
Mar 27 2019,53.75,55.07,53.64,54.97,54.97,43896000
Mar 26 2019,52.89,54.05,52.89,53.55,53.55,36754500
Mar 25 2019,51.94,52.64,50.89,52.08,52.08,51075000
Mar 22 2019,54.52,54.56,52.80,52.91,52.91,43728000
Mar 21 2019,54.52,55.29,53.69,54.80,54.80,29735500
Mar 20 2019,53.94,54.99,53.26,54.72,54.72,34541000
Mar 19 2019,53.50,54.66,52.69,53.49,53.49,59003000
Mar 18 2019,55.20,55.61,53.46,53.90,53.90,51405000
Mar 15 2019,56.70,56.74,54.88,55.09,55.09,73927500
Mar 14 2019,58.49,59.08,57.66,57.99,57.99,35517000
Mar 13 2019,56.78,58.40,56.54,57.79,57.79,34223500
Mar 12 2019,57.30,57.61,56.21,56.67,56.67,37520500
Mar 11 2019,56.70,58.26,56.10,58.18,58.18,36961500
Mar 08 2019,55.38,57.12,55.18,56.83,56.83,44098000
Mar 07 2019,55.77,56.94,54.85,55.32,55.32,47212500
Mar 06 2019,55.30,56.30,54.88,55.25,55.25,51677500
Mar 05 2019,56.40,56.80,54.02,55.31,55.31,93823500
Mar 04 2019,59.62,59.80,56.56,57.07,57.07,85484000
Mar 01 2019,61.39,61.43,58.38,58.96,58.96,114557000
Feb 28 2019,63.78,64.00,62.16,63.98,63.98,52603500
Feb 27 2019,60.36,63.26,60.11,62.95,62.95,55919500
Feb 26 2019,58.44,60.40,57.75,59.57,59.57,42912500
Feb 25 2019,59.58,60.58,59.40,59.75,59.75,33132500
Feb 22 2019,58.90,59.30,58.42,58.94,58.94,28703000
Feb 21 2019,60.36,60.65,58.10,58.25,58.25,44546000
Feb 20 2019,60.88,61.26,59.80,60.51,60.51,35710500
Feb 19 2019,61.31,62.31,61.09,61.13,61.13,20842000
Feb 15 2019,60.90,61.60,60.78,61.58,61.58,19524500
Feb 14 2019,60.68,61.35,60.20,60.75,60.75,26004000
Feb 13 2019,62.47,62.55,61.11,61.63,61.63,25708000
Feb 12 2019,63.24,63.64,61.92,62.36,62.36,27588000
Feb 11 2019,62.32,63.72,62.10,62.57,62.57,35648500
Feb 08 2019,61.37,61.49,59.70,61.16,61.16,29221000
Feb 07 2019,62.66,62.94,60.60,61.50,61.50,32603000
Feb 06 2019,63.92,64.85,63.12,63.44,63.44,25192500
Feb 05 2019,62.50,64.49,62.45,64.27,64.27,33714000
Feb 04 2019,62.60,63.06,60.38,62.58,62.58,36760500
Feb 01 2019,61.08,63.22,60.70,62.44,62.44,36417000
Jan 31 2019,60.20,62.31,58.80,61.40,61.40,62846000
Jan 30 2019,60.09,61.80,59.70,61.75,61.75,56251500
Jan 29 2019,59.05,59.71,58.36,59.49,59.49,23108500
Jan 28 2019,58.58,59.49,57.55,59.28,59.28,32116500
Jan 25 2019,58.88,59.70,57.91,59.41,59.41,36248000
Jan 24 2019,56.61,58.74,55.86,58.30,58.30,40061000
Jan 23 2019,58.50,58.90,56.34,57.52,57.52,62650000
Jan 22 2019,60.96,61.60,59.10,59.78,59.78,60333500
Jan 18 2019,64.60,65.43,59.95,60.45,60.45,120754000
Jan 17 2019,69.24,70.30,68.83,69.46,69.46,18383500
Jan 16 2019,68.96,70.40,68.70,69.21,69.21,23458500
Jan 15 2019,67.00,69.76,66.90,68.89,68.89,30283000
Jan 14 2019,68.48,68.50,66.80,66.88,66.88,26236500
Jan 11 2019,68.42,69.68,67.75,69.45,69.45,25195500
Jan 10 2019,66.88,69.08,66.36,68.99,68.99,30282000
Jan 09 2019,67.10,68.70,66.29,67.71,67.71,27164500
Jan 08 2019,68.39,68.80,65.40,67.07,67.07,35042500
Jan 07 2019,64.34,67.35,63.55,66.99,66.99,37756000
Jan 04 2019,61.20,63.60,60.55,63.54,63.54,36970500
Jan 03 2019,61.40,61.88,59.48,60.07,60.07,34826000
Jan 02 2019,61.22,63.03,59.76,62.02,62.02,58293000
Dec 31 2018,67.56,67.84,65.05,66.56,66.56,31511500
Dec 28 2018,64.62,67.25,63.68,66.77,66.77,49695000
Dec 27 2018,63.97,64.43,60.30,63.23,63.23,42875500
Dec 26 2018,60.00,65.39,58.82,65.22,65.22,40815500
Dec 24 2018,62.70,62.90,59.04,59.08,59.08,27799500
Dec 21 2018,63.48,64.69,62.49,63.95,63.95,40084000
Dec 20 2018,65.41,66.06,62.37,63.08,63.08,45359500
Dec 19 2018,67.52,69.40,65.95,66.59,66.59,41371000
Dec 18 2018,70.11,70.31,66.74,67.41,67.41,35500000
Dec 17 2018,72.40,73.14,68.78,69.68,69.68,38370000
Dec 14 2018,75.00,75.57,72.87,73.14,73.14,31688000
Dec 13 2018,74.03,75.49,73.35,75.36,75.36,36829500
Dec 12 2018,73.88,74.38,73.03,73.32,73.32,25135000
Dec 11 2018,73.98,74.43,72.05,73.35,73.35,31544000
Dec 10 2018,72.00,73.20,70.62,73.03,73.03,33067500
Dec 07 2018,73.80,75.90,71.53,71.59,71.59,57556000
Dec 06 2018,71.20,73.48,70.15,72.61,72.61,39212500
Dec 04 2018,71.21,73.74,70.40,71.94,71.94,42309500
Dec 03 2018,72.00,73.20,70.40,71.70,71.70,41532500
Nov 30 2018,68.37,70.32,67.65,70.10,70.10,28145500
Nov 29 2018,69.40,69.50,67.91,68.23,68.23,15403500
Nov 28 2018,69.20,69.66,68.44,69.57,69.57,20638000
Nov 27 2018,68.01,69.39,67.10,68.78,68.78,31791500
Nov 26 2018,65.00,69.24,65.00,69.20,69.20,39960500
Nov 23 2018,66.87,67.50,65.11,65.17,65.17,21013000
Nov 21 2018,70.40,70.62,67.48,67.64,67.64,23434000
Nov 20 2018,68.35,69.96,66.71,69.50,69.50,40023500
Nov 19 2018,71.27,73.35,70.58,70.69,70.69,48544500
Nov 16 2018,69.04,71.14,69.02,70.86,70.86,36031000
Nov 15 2018,68.47,69.72,67.81,69.69,69.69,23128500
Nov 14 2018,68.54,69.42,67.43,68.80,68.80,25201500
Nov 13 2018,66.63,68.94,66.44,67.75,67.75,27243000
Nov 12 2018,69.67,69.96,66.07,66.26,66.26,34707500
Nov 09 2018,69.80,70.80,69.05,70.10,70.10,25494000
Nov 08 2018,69.70,71.52,69.69,70.28,70.28,35453500
Nov 07 2018,68.67,70.24,68.16,69.63,69.63,36872500
Nov 06 2018,67.81,69.76,67.22,68.21,68.21,33814500
Nov 05 2018,68.10,68.79,66.03,68.28,68.28,39155000
Nov 02 2018,68.75,69.84,68.18,69.28,69.28,39040000
Nov 01 2018,67.65,69.57,66.95,68.86,68.86,40000500
Oct 31 2018,66.51,68.40,65.82,67.46,67.46,38121500
Oct 30 2018,65.68,67.58,64.45,65.98,65.98,45633500
Oct 29 2018,67.49,69.43,65.30,66.97,66.97,72430000
Oct 26 2018,61.65,67.98,61.33,66.18,66.18,137127500
Oct 25 2018,63.44,64.20,60.20,62.97,62.97,104203500
Oct 24 2018,60.21,60.89,57.15,57.70,57.70,100291500
Oct 23 2018,52.77,59.59,52.42,58.83,58.83,95139000
Oct 22 2018,52.14,52.37,50.52,52.19,52.19,28001500
Oct 19 2018,53.48,53.93,50.70,52.00,52.00,46877500
Oct 18 2018,53.86,54.20,52.60,52.78,52.78,27106000
Oct 17 2018,56.48,56.54,53.16,54.36,54.36,43277500
Oct 16 2018,53.14,55.48,52.45,55.32,55.32,47632000
Oct 15 2018,51.81,52.66,50.91,51.92,51.92,31000000
Oct 12 2018,52.20,52.40,50.40,51.76,51.76,36007000
Oct 11 2018,51.51,52.45,49.81,50.45,50.45,40838500
Oct 10 2018,52.92,53.10,49.55,51.38,51.38,64076500
Oct 09 2018,51.05,53.35,50.66,52.56,52.56,60303000
Oct 08 2018,52.90,53.55,49.80,50.11,50.11,67363500
Oct 05 2018,54.93,54.98,52.00,52.39,52.39,89722500
Oct 04 2018,58.79,58.80,55.53,56.37,56.37,49071000
Oct 03 2018,60.67,60.92,58.31,58.96,58.96,39975000
Oct 02 2018,62.79,63.37,59.83,60.20,60.20,58717500
Oct 01 2018,61.15,62.29,60.21,62.14,62.14,108888000
Sep 28 2018,54.05,55.60,52.11,52.95,52.95,168248500
Sep 27 2018,62.58,62.99,61.38,61.50,61.50,42545500
Sep 26 2018,60.38,62.78,60.22,61.92,61.92,39216000
Sep 25 2018,60.00,60.92,59.30,60.20,60.20,22408500
Sep 24 2018,59.70,60.60,58.72,59.94,59.94,24215000
Sep 21 2018,59.54,60.12,59.07,59.82,59.82,25252500
Sep 20 2018,60.71,61.20,58.67,59.67,59.67,36747000
Sep 19 2018,56.10,60.00,56.10,59.80,59.80,41474500
Sep 18 2018,59.34,60.53,55.10,56.99,56.99,82737500
Sep 17 2018,58.01,60.17,57.63,58.97,58.97,34438000
Sep 14 2018,57.75,59.47,57.30,59.04,59.04,33828000
Sep 13 2018,57.60,59.00,57.04,57.89,57.89,31701500
Sep 12 2018,56.29,58.50,55.73,58.11,58.11,50077000
Sep 11 2018,55.89,56.40,54.71,55.89,55.89,45850000
Sep 10 2018,54.65,57.21,54.20,57.10,57.10,71417500
Sep 07 2018,52.02,53.67,50.45,52.65,52.65,112459500
Sep 06 2018,56.96,58.23,55.78,56.19,56.19,37404000
Sep 05 2018,57.01,57.36,55.44,56.15,56.15,38604000
Sep 04 2018,59.39,59.64,57.60,57.79,57.79,41752500
Aug 31 2018,60.40,61.06,59.72,60.33,60.33,26875500
Aug 30 2018,60.45,60.92,59.54,60.63,60.63,36083500
Aug 29 2018,62.05,62.37,60.74,61.00,61.00,37237000
Aug 28 2018,63.68,63.78,62.24,62.37,62.37,38245500
Aug 27 2018,63.60,64.49,61.76,63.85,63.85,65396500
Aug 24 2018,64.14,64.77,63.88,64.56,64.56,18013000
Aug 23 2018,63.83,65.46,63.62,64.02,64.02,25736500
Aug 22 2018,64.17,64.78,62.93,64.33,64.33,29730000
Aug 21 2018,62.12,64.96,61.80,64.38,64.38,65861000
Aug 20 2018,58.34,61.70,57.64,61.69,61.69,87011500
Aug 17 2018,64.70,65.35,60.71,61.10,61.10,94793000
Aug 16 2018,67.98,68.46,66.76,67.09,67.09,30320000
Aug 15 2018,68.38,68.90,66.43,67.74,67.74,45506500
Aug 14 2018,71.69,71.84,69.42,69.53,69.53,34932000
Aug 13 2018,72.23,72.64,69.80,71.28,71.28,52319500
Aug 10 2018,70.80,72.00,69.20,71.10,71.10,57760000
Aug 09 2018,73.11,73.40,69.15,70.49,70.49,85919000
Aug 08 2018,73.82,76.53,73.42,74.07,74.07,122856000
Aug 07 2018,68.77,77.49,67.83,75.91,75.91,154379000
Aug 06 2018,69.09,71.00,68.36,68.40,68.40,42821500
Aug 03 2018,69.56,71.00,68.51,69.63,69.63,68282500
Aug 02 2018,65.69,70.00,64.63,69.91,69.91,116075000
Aug 01 2018,59.60,60.60,58.60,60.17,60.17,50647000
Jul 31 2018,58.45,59.66,57.81,59.63,59.63,25384500
Jul 30 2018,59.18,59.22,57.23,58.03,58.03,34070500
Jul 27 2018,61.45,61.54,59.07,59.44,59.44,28516500
Jul 26 2018,60.97,62.14,60.73,61.33,61.33,23152500
Jul 25 2018,59.35,61.92,58.90,61.75,61.75,35377000
Jul 24 2018,60.88,61.54,58.51,59.49,59.49,47954000
Jul 23 2018,60.37,61.10,58.57,60.64,60.64,54964500
Jul 20 2018,64.25,64.65,62.34,62.72,62.72,25811000
Jul 19 2018,63.27,64.71,62.80,64.05,64.05,29576500
Jul 18 2018,65.00,65.10,63.25,64.77,64.77,28121000
Jul 17 2018,61.76,64.95,61.70,64.54,64.54,34981000
Jul 16 2018,62.34,63.03,61.25,62.02,62.02,39093500
Jul 13 2018,63.12,63.92,61.85,63.77,63.77,29349000
Jul 12 2018,64.29,64.65,62.55,63.34,63.34,28606000
Jul 11 2018,63.16,64.39,63.01,63.79,63.79,24420500
Jul 10 2018,64.91,65.54,63.84,64.49,64.49,47357500
Jul 09 2018,62.40,63.70,61.60,63.70,63.70,37984000
Jul 06 2018,60.99,62.41,60.40,61.78,61.78,44327500
Jul 05 2018,62.75,62.88,59.24,61.83,61.83,87382000
Jul 03 2018,66.35,66.50,61.94,62.17,62.17,61413000
Jul 02 2018,72.01,72.96,65.97,67.01,67.01,93799000
Jun 29 2018,70.67,70.77,68.48,68.59,68.59,32462000
Jun 28 2018,69.73,71.40,69.22,69.99,69.99,41990000
Jun 27 2018,69.00,70.16,67.90,68.90,68.90,41668500
Jun 26 2018,67.21,68.71,65.16,68.40,68.40,37262500
Jun 25 2018,66.02,67.69,65.50,66.60,66.60,34656500
Jun 22 2018,70.31,70.45,66.40,66.73,66.73,51330500
Jun 21 2018,72.40,73.24,69.25,69.50,69.50,39835500
Jun 20 2018,71.61,72.88,70.40,72.44,72.44,41918500
Jun 19 2018,73.03,74.00,69.25,70.51,70.51,63809500
Jun 18 2018,71.08,74.75,70.90,74.17,74.17,60366000
Jun 15 2018,70.77,72.93,70.25,71.63,71.63,54241500
Jun 14 2018,69.53,71.75,69.32,71.54,71.54,54905000
Jun 13 2018,69.34,69.44,67.96,68.96,68.96,47349000
Jun 12 2018,68.94,70.99,67.60,68.55,68.55,111737000
Jun 11 2018,64.50,66.93,64.50,66.42,66.42,65917500
Jun 08 2018,63.80,64.90,63.43,63.53,63.53,41026000
Jun 07 2018,63.23,66.00,62.72,63.22,63.22,71726500
Jun 06 2018,60.10,64.43,59.50,63.90,63.90,93836500
Jun 05 2018,59.54,59.56,57.35,58.23,58.23,29976000
Jun 04 2018,58.87,59.80,58.71,59.35,59.35,23989000
Jun 01 2018,57.17,58.39,56.77,58.36,58.36,27122000
May 31 2018,57.44,58.07,56.59,56.95,56.95,29598500
May 30 2018,56.66,59.00,56.32,58.34,58.34,37448500
May 29 2018,55.70,57.30,55.23,56.75,56.75,28333000
May 25 2018,55.53,55.93,55.12,55.77,55.77,19375500
May 24 2018,55.68,56.22,54.98,55.57,55.57,20883500
May 23 2018,55.55,55.98,54.80,55.81,55.81,29925500
May 22 2018,57.55,57.60,54.68,55.00,55.00,44729000
May 21 2018,56.27,58.30,56.26,56.90,56.90,45913000
May 18 2018,56.93,56.93,54.80,55.36,55.36,36259500
May 17 2018,57.18,57.84,56.79,56.91,56.91,22103000
May 16 2018,56.77,57.76,56.31,57.30,57.30,28370000
May 15 2018,57.00,57.39,56.10,56.84,56.84,47596000
May 14 2018,60.66,60.99,58.32,58.39,58.39,36434000
May 11 2018,61.54,61.78,59.82,60.21,60.21,23398000
May 10 2018,61.50,62.60,60.82,61.00,61.00,28258000
May 09 2018,60.08,61.40,60.01,61.37,61.37,28637000
May 08 2018,60.16,61.55,59.80,60.39,60.39,29650000
May 07 2018,59.50,61.19,59.03,60.55,60.55,43391000
May 04 2018,56.60,59.37,55.90,58.82,58.82,42847000
May 03 2018,55.76,57.61,55.05,56.89,56.89,86760500
May 02 2018,59.71,61.37,59.56,60.23,60.23,44852000
May 01 2018,58.70,60.16,58.64,59.98,59.98,23128000
Apr 30 2018,58.72,59.75,58.50,58.78,58.78,21141000
Apr 27 2018,57.07,58.89,56.77,58.82,58.82,21823000
Apr 26 2018,55.75,57.16,55.30,57.10,57.10,21780000
Apr 25 2018,56.70,57.03,55.45,56.14,56.14,20068000
Apr 24 2018,57.00,57.42,55.69,56.69,56.69,28426500
Apr 23 2018,58.26,58.32,56.47,56.67,56.67,24467000
Apr 20 2018,59.03,60.00,57.95,58.05,58.05,28139500
Apr 19 2018,58.22,60.20,57.71,60.02,60.02,30453000
Apr 18 2018,58.22,60.05,57.63,58.67,58.67,32788500
Apr 17 2018,57.77,58.43,56.50,57.54,57.54,35000000
Apr 16 2018,59.80,59.93,57.80,58.24,58.24,31692500
Apr 13 2018,60.72,60.79,59.20,60.07,60.07,36636000
Apr 12 2018,60.46,60.79,58.74,58.82,58.82,38044000
Apr 11 2018,60.15,61.80,59.93,60.19,60.19,37414500
Apr 10 2018,59.79,61.42,58.74,60.94,60.94,54949000
Apr 09 2018,60.07,61.90,57.84,57.93,57.93,51249000
Apr 06 2018,60.20,61.86,59.10,59.86,59.86,67601500
Apr 05 2018,57.87,61.25,57.64,61.14,61.14,95605500
Apr 04 2018,50.56,57.67,50.40,57.39,57.39,99483500
Apr 03 2018,53.96,54.67,50.90,53.51,53.51,94222000
Apr 02 2018,51.25,52.07,48.92,50.50,50.50,80570000
Mar 29 2018,51.30,54.19,49.64,53.23,53.23,75853500
Mar 28 2018,52.92,53.74,50.42,51.56,51.56,105007000
Mar 27 2018,60.80,60.85,55.44,55.84,55.84,69360000
Mar 26 2018,61.47,61.52,58.27,60.84,60.84,41876000
Mar 23 2018,62.25,62.25,60.09,60.31,60.31,33274500
Mar 22 2018,62.78,63.76,61.64,61.82,61.82,24699000
Mar 21 2018,62.05,64.49,62.04,63.31,63.31,29792000
Mar 20 2018,62.97,63.25,61.75,62.11,62.11,23821500
Mar 19 2018,63.30,64.15,61.93,62.71,62.71,37421500
Mar 16 2018,64.59,65.48,63.81,64.27,64.27,30586500
Mar 15 2018,65.88,66.57,64.22,65.12,65.12,32824000
Mar 14 2018,67.35,67.96,64.79,65.33,65.33,39837000
Mar 13 2018,65.72,69.44,65.30,68.37,68.37,29829000
Mar 12 2018,65.72,69.44,65.30,69.10,69.10,41320000
Mar 09 2018,64.82,65.70,64.47,65.43,65.43,27534000
Mar 08 2018,66.57,66.66,65.25,65.82,65.82,17831000
Mar 07 2018,65.09,66.50,64.35,66.46,66.46,25036500
Mar 06 2018,66.75,67.27,65.41,65.64,65.64,21428500
Mar 05 2018,66.48,67.55,65.86,66.67,66.67,19119000
Mar 02 2018,65.40,67.04,64.59,67.02,67.02,25464000
Mar 01 2018,69.00,69.73,66.01,66.19,66.19,34428000
Feb 28 2018,70.51,71.05,68.44,68.61,68.61,30348500
Feb 27 2018,71.25,72.00,70.00,70.20,70.20,23987000
Feb 26 2018,70.70,71.80,70.47,71.48,71.48,21700000
Feb 23 2018,69.57,71.00,69.42,70.41,70.41,29087000
Feb 22 2018,67.11,69.49,66.95,69.23,69.23,34849000
Feb 21 2018,67.21,67.94,66.63,66.66,66.66,16098000
Feb 20 2018,66.89,68.17,66.30,66.95,66.95,20047000
Feb 16 2018,66.50,68.62,66.33,67.10,67.10,28213000
Feb 15 2018,64.90,66.82,64.48,66.81,66.81,29564500
Feb 14 2018,64.17,65.23,63.70,64.46,64.46,19753500
Feb 13 2018,63.00,64.84,62.50,64.73,64.73,22801000
Feb 12 2018,63.23,63.62,61.25,63.15,63.15,31139000
Feb 09 2018,63.99,64.20,58.95,62.08,62.08,64668500
Feb 08 2018,68.66,69.72,62.92,63.05,63.05,51573000
Feb 07 2018,67.80,69.20,67.13,69.00,69.00,34846000
Feb 06 2018,65.04,67.24,64.70,66.79,66.79,25442000
Feb 05 2018,67.59,68.89,66.60,66.63,66.63,22320500
Feb 02 2018,69.69,70.39,68.10,68.75,68.75,18524000
Feb 01 2018,70.20,71.93,69.73,69.85,69.85,20988500
Jan 31 2018,69.50,71.24,69.04,70.86,70.86,31070500
Jan 30 2018,69.03,69.65,68.43,69.16,69.16,23588500
Jan 29 2018,67.97,70.17,67.66,69.91,69.91,23735500
Jan 26 2018,68.30,68.80,67.14,68.57,68.57,22697000
Jan 25 2018,69.65,69.84,67.28,67.53,67.53,33701500
Jan 24 2018,70.92,70.95,68.70,69.18,69.18,26437500
Jan 23 2018,72.00,72.10,70.20,70.56,70.56,27327000
Jan 22 2018,69.88,71.57,69.84,70.31,70.31,31052000
Jan 19 2018,69.00,70.12,68.52,70.00,70.00,24441500
Jan 18 2018,69.13,70.46,68.75,68.91,68.91,28429000
Jan 17 2018,68.09,69.80,67.95,69.43,69.43,35517500
Jan 16 2018,67.51,69.00,66.96,68.01,68.01,32371500
Jan 12 2018,67.73,68.08,66.73,67.24,67.24,24125500
Jan 11 2018,67.05,68.96,66.65,67.59,67.59,33227500
Jan 10 2018,66.44,67.40,66.00,66.96,66.96,21549500
Jan 09 2018,67.03,67.76,65.48,66.74,66.74,35733000
Jan 08 2018,63.20,67.40,63.10,67.28,67.28,49297000
Jan 05 2018,63.32,63.45,62.40,63.32,63.32,22956000
Jan 04 2018,62.57,63.71,61.14,62.92,62.92,49731500
Jan 03 2018,64.20,65.05,63.11,63.45,63.45,22607500
Jan 02 2018,62.40,64.42,62.20,64.11,64.11,21761000
Dec 29 2017,63.24,63.28,62.00,62.27,62.27,18886000
Dec 28 2017,62.35,63.16,61.91,63.07,63.07,21581500
Dec 27 2017,63.20,63.54,62.15,62.33,62.33,23560500
Dec 26 2017,64.77,64.79,63.32,63.46,63.46,21892000
Dec 22 2017,65.90,66.18,64.96,65.04,65.04,21079000
Dec 21 2017,65.92,66.75,65.44,66.33,66.33,21926000
Dec 20 2017,66.54,66.62,65.01,65.80,65.80,29769000
Dec 19 2017,68.05,68.30,66.06,66.22,66.22,34125000
Dec 18 2017,68.98,69.35,67.52,67.77,67.77,27381000
Dec 15 2017,68.41,68.78,67.15,68.69,68.69,34666000
Dec 14 2017,68.20,69.49,67.38,67.58,67.58,28999500
Dec 13 2017,68.19,68.84,67.30,67.81,67.81,31107500
Dec 12 2017,66.09,68.29,66.01,68.21,68.21,43666000
Dec 11 2017,62.93,65.80,62.75,65.78,65.78,39690000
Dec 08 2017,62.92,63.40,62.25,63.03,63.03,17342500
Dec 07 2017,62.40,63.73,62.21,62.25,62.25,23903000
Dec 06 2017,60.02,62.68,60.00,62.65,62.65,35976500
Dec 05 2017,60.40,61.60,60.20,60.74,60.74,23232500
Dec 04 2017,61.30,61.65,60.12,61.04,61.04,29175500
Dec 01 2017,61.09,62.06,61.01,61.31,61.31,21464500
Nov 30 2017,61.71,62.14,60.91,61.77,61.77,21758000
Nov 29 2017,63.46,63.60,60.25,61.51,61.51,43837000
Nov 28 2017,63.27,64.00,62.78,63.51,63.51,24747500
Nov 27 2017,62.65,63.47,61.90,63.36,63.36,22779500
Nov 24 2017,62.76,63.28,62.20,63.11,63.11,16220500
Nov 22 2017,63.35,63.48,62.37,62.52,62.52,24588000
Nov 21 2017,62.17,63.65,61.74,63.56,63.56,36306500
Nov 20 2017,62.76,63.10,60.95,61.75,61.75,41238500
Nov 17 2017,65.13,65.33,62.63,63.01,63.01,68675500
Nov 16 2017,62.80,63.63,62.26,62.50,62.50,29110500
Nov 15 2017,61.20,62.50,60.30,62.26,62.26,29893500
Nov 14 2017,63.00,63.27,61.38,61.74,61.74,28380500
Nov 13 2017,60.03,63.36,59.82,63.08,63.08,37924500
Nov 10 2017,60.50,61.67,60.37,60.60,60.60,23127000
Nov 09 2017,60.50,60.89,59.26,60.60,60.60,27235500
Nov 08 2017,61.10,61.38,60.26,60.88,60.88,23626500
Nov 07 2017,60.20,61.30,60.01,61.21,61.21,26471500
Nov 06 2017,61.40,61.50,59.80,60.56,60.56,32430000
Nov 03 2017,59.90,61.25,59.03,61.22,61.22,44470000
Nov 02 2017,60.03,61.74,58.53,59.85,59.85,98957000
Nov 01 2017,66.45,66.52,64.05,64.22,64.22,42286500
Oct 31 2017,64.05,66.39,64.04,66.31,66.31,28361500
Oct 30 2017,63.84,64.76,63.45,64.02,64.02,21272000
Oct 27 2017,63.95,64.92,63.33,64.17,64.17,34898500
Oct 26 2017,65.56,66.05,64.64,65.23,65.23,25117500
Oct 25 2017,67.34,67.50,64.71,65.17,65.17,42970500
Oct 24 2017,67.76,68.56,67.23,67.47,67.47,22458500
Oct 23 2017,69.98,69.99,67.25,67.40,67.40,28736500
Oct 20 2017,70.54,70.91,68.87,69.02,69.02,24652000
Oct 19 2017,71.11,71.43,69.64,70.36,70.36,25309000
Oct 18 2017,71.19,72.60,70.83,71.93,71.93,24695500
Oct 17 2017,70.18,71.24,70.01,71.15,71.15,16466500
Oct 16 2017,70.75,70.90,69.43,70.12,70.12,26877500
Oct 13 2017,71.40,71.70,70.74,71.11,71.11,17702500
Oct 12 2017,70.59,71.96,70.53,71.14,71.14,20435000
Oct 11 2017,70.78,71.52,70.23,70.92,70.92,22504000
Oct 10 2017,69.36,71.13,69.11,71.12,71.12,34892500
Oct 09 2017,69.93,70.35,68.53,68.59,68.59,37468500
Oct 06 2017,70.62,72.02,70.45,71.38,71.38,21487500
Oct 05 2017,71.20,71.49,70.27,71.07,71.07,20858500
Oct 04 2017,70.25,71.72,69.92,71.00,71.00,40817500
Oct 03 2017,67.18,69.71,66.26,69.63,69.63,50768000
Oct 02 2017,68.50,68.74,67.10,68.31,68.31,26434000
Sep 29 2017,68.37,68.94,67.72,68.22,68.22,25535500
Sep 28 2017,67.98,68.55,67.08,67.92,67.92,26598000
Sep 27 2017,69.98,70.30,68.10,68.19,68.19,30301500
Sep 26 2017,70.19,70.25,68.18,69.05,69.05,35781500
Sep 25 2017,70.63,71.49,68.58,69.00,69.00,38029500
Sep 22 2017,73.30,73.98,70.18,70.22,70.22,40797000
Sep 21 2017,74.98,75.37,72.90,73.30,73.30,23091000
Sep 20 2017,74.60,75.65,74.21,74.78,74.78,24595500
Sep 19 2017,76.00,76.48,74.71,75.02,75.02,32259500
Sep 18 2017,76.05,77.92,75.54,77.00,77.00,35940000
Sep 15 2017,74.90,76.00,74.54,75.96,75.96,27102500
Sep 14 2017,72.87,75.59,72.53,75.53,75.53,36012500
Sep 13 2017,72.76,73.61,71.92,73.25,73.25,20926000
Sep 12 2017,72.90,73.75,72.08,72.55,72.55,29864500
Sep 11 2017,70.27,72.74,70.00,72.74,72.74,38335500
Sep 08 2017,69.80,69.96,68.46,68.68,68.68,16317500
Sep 07 2017,69.20,70.50,68.69,70.12,70.12,21196000
Sep 06 2017,69.90,70.20,68.31,68.91,68.91,20457000
Sep 05 2017,70.76,71.10,69.18,69.92,69.92,19175500
Sep 01 2017,71.22,71.52,70.74,71.08,71.08,15247500
Aug 31 2017,70.71,71.69,70.56,71.18,71.18,20364000
Aug 30 2017,69.93,70.69,69.40,70.64,70.64,17064500
Aug 29 2017,67.90,69.81,67.75,69.47,69.47,20368500
Aug 28 2017,69.46,69.47,67.94,69.13,69.13,18820000
Aug 25 2017,70.85,71.14,69.46,69.61,69.61,17420000
Aug 24 2017,70.50,71.33,69.95,70.59,70.59,22923500
Aug 23 2017,67.80,70.70,67.66,70.55,70.55,24772500
Aug 22 2017,68.23,68.45,67.47,68.27,68.27,21610000
Aug 21 2017,69.16,69.16,66.37,67.57,67.57,32477000
Aug 18 2017,70.58,70.80,69.16,69.49,69.49,27041000
Aug 17 2017,72.24,72.66,70.32,70.38,70.38,25138500
Aug 16 2017,72.60,73.30,72.50,72.58,72.58,17069000
Aug 15 2017,73.04,73.10,71.87,72.47,72.47,15425500
Aug 14 2017,72.93,73.53,72.52,72.76,72.76,22596000
Aug 11 2017,71.39,72.25,70.72,71.57,71.57,21829000
Aug 10 2017,72.32,73.33,70.93,71.08,71.08,35464500
Aug 09 2017,72.20,74.00,71.79,72.71,72.71,34460500
Aug 08 2017,71.51,73.72,71.48,73.04,73.04,37249000
Aug 07 2017,71.47,71.90,70.55,71.03,71.03,31622500
Aug 04 2017,69.40,71.45,68.66,71.38,71.38,46344500
Aug 03 2017,69.07,70.00,68.63,69.42,69.42,67675000
Aug 02 2017,63.79,65.42,62.24,65.18,65.18,65457500
Aug 01 2017,64.60,64.89,63.23,63.91,63.91,41515500
Jul 31 2017,67.10,68.30,64.21,64.69,64.69,42675500
Jul 28 2017,67.38,67.92,66.50,67.01,67.01,24402000
Jul 27 2017,69.20,69.50,65.26,66.89,66.89,41512000
Jul 26 2017,68.07,69.10,67.62,68.77,68.77,24104000
Jul 25 2017,69.00,69.12,66.83,67.92,67.92,34946000
Jul 24 2017,66.05,68.68,66.00,68.50,68.50,43185500
Jul 21 2017,65.89,66.25,65.16,65.68,65.68,24508000
Jul 20 2017,65.38,66.04,64.84,65.98,65.98,25831000
Jul 19 2017,65.65,66.33,64.64,65.05,65.05,31785000
Jul 18 2017,63.50,65.83,63.13,65.65,65.65,31868500
Jul 17 2017,65.11,65.42,62.69,63.91,63.91,49384500
Jul 14 2017,64.64,65.68,64.24,65.56,65.56,28126000
Jul 13 2017,66.02,66.32,63.99,64.68,64.68,42972500
Jul 12 2017,66.08,66.62,64.90,65.90,65.90,51730500
Jul 11 2017,63.20,65.46,62.86,65.44,65.44,57797000
Jul 10 2017,62.58,63.59,60.63,63.21,63.21,69104500
Jul 07 2017,62.70,63.40,61.48,62.64,62.64,70884500
Jul 06 2017,63.45,64.16,61.26,61.77,61.77,96622500
Jul 05 2017,69.44,69.45,65.27,65.42,65.42,85233500
Jul 03 2017,74.05,74.27,70.30,70.52,70.52,31527000
Jun 30 2017,72.74,73.35,71.92,72.32,72.32,29242500
Jun 29 2017,74.12,74.20,70.82,72.15,72.15,41105000
Jun 28 2017,73.34,74.35,72.50,74.25,74.25,31512500
Jun 27 2017,75.28,75.28,72.40,72.47,72.47,34982000
Jun 26 2017,77.34,77.39,74.62,75.50,75.50,33020500
Jun 23 2017,76.49,77.40,75.87,76.69,76.69,32229000
Jun 22 2017,75.60,77.00,74.71,76.52,76.52,37649000
Jun 21 2017,74.87,75.40,73.60,75.28,75.28,24616000
Jun 20 2017,75.33,75.78,73.95,74.45,74.45,37193500
Jun 19 2017,75.00,75.34,73.56,73.96,73.96,32746500
Jun 16 2017,75.60,75.60,74.02,74.28,74.28,33655000
Jun 15 2017,74.50,75.09,73.30,75.07,75.07,52132500
Jun 14 2017,76.22,76.85,75.26,76.13,76.13,64092000
Jun 13 2017,73.52,75.20,73.32,75.19,75.19,59039500
Jun 12 2017,71.60,72.90,70.12,71.80,71.80,52588500
Jun 09 2017,74.88,75.37,70.96,71.46,71.46,86307000
Jun 08 2017,72.75,74.38,72.04,74.00,74.00,45307500
Jun 07 2017,71.27,72.10,71.03,71.93,71.93,46990000
Jun 06 2017,68.94,71.90,67.99,70.57,70.57,55434000
Jun 05 2017,67.70,69.69,66.84,69.46,69.46,33922000
Jun 02 2017,67.95,68.58,67.19,67.97,67.97,27951000
Jun 01 2017,68.80,68.98,67.46,68.07,68.07,38040000
May 31 2017,67.54,68.58,67.03,68.20,68.20,49817000
May 30 2017,65.20,67.26,65.15,67.02,67.02,38914500
May 26 2017,63.46,65.10,63.26,65.03,65.03,39011000
May 25 2017,62.20,63.39,61.56,63.37,63.37,25070000
May 24 2017,61.30,62.20,61.08,62.04,62.04,25166500
May 23 2017,62.09,62.15,60.70,60.77,60.77,21592000
May 22 2017,62.56,62.87,61.36,62.07,62.07,21646000
May 19 2017,63.10,63.30,62.04,62.17,62.17,23438000
May 18 2017,61.40,62.79,61.06,62.61,62.61,28269000
May 17 2017,62.88,62.93,61.10,61.22,61.22,33559500
May 16 2017,63.52,64.01,63.03,63.40,63.40,20762500
May 15 2017,63.68,64.04,62.51,63.18,63.18,38110000
May 12 2017,65.10,65.40,64.31,64.96,64.96,20608000
May 11 2017,64.68,65.20,63.92,64.62,64.62,23769000
May 10 2017,64.31,65.10,63.62,65.04,65.04,28708000
May 09 2017,61.88,64.40,61.82,64.25,64.25,48382500
May 08 2017,62.18,62.76,61.16,61.44,61.44,35032500
May 05 2017,59.60,61.71,59.36,61.67,61.67,40886500
May 04 2017,61.49,61.55,58.15,59.09,59.09,70760000
May 03 2017,63.53,64.31,62.09,62.20,62.20,35667000
May 02 2017,64.80,65.53,63.31,63.78,63.78,26914000
May 01 2017,62.98,65.45,62.96,64.57,64.57,44148000
Apr 28 2017,61.97,62.96,61.60,62.81,62.81,22527500
Apr 27 2017,62.34,62.62,61.50,61.73,61.73,17343000
Apr 26 2017,62.47,62.90,61.80,62.03,62.03,23475000
Apr 25 2017,61.60,62.80,61.17,62.76,62.76,33688500
Apr 24 2017,61.84,62.11,61.20,61.61,61.61,25417500
Apr 21 2017,60.40,61.28,60.08,61.12,61.12,22549000
Apr 20 2017,61.30,61.83,60.05,60.50,60.50,30747000
Apr 19 2017,60.49,61.32,60.42,61.10,61.10,19490000
Apr 18 2017,59.94,60.17,59.58,60.05,60.05,15178500
Apr 17 2017,60.54,60.80,59.74,60.29,60.29,20693500
Apr 13 2017,59.34,61.48,59.06,60.80,60.80,46423000
Apr 12 2017,61.27,61.69,59.26,59.37,59.37,30253500
Apr 11 2017,62.68,62.69,61.10,61.74,61.74,28623000
Apr 10 2017,61.83,62.75,61.74,62.48,62.48,38322500
Apr 07 2017,59.50,60.54,59.43,60.51,60.51,22898000
Apr 06 2017,59.38,60.39,58.82,59.74,59.74,27603000
Apr 05 2017,60.41,60.98,58.84,59.00,59.00,39404500
Apr 04 2017,59.38,60.96,58.91,60.74,60.74,50673000
Apr 03 2017,57.38,59.80,56.92,59.70,59.70,69443000
Mar 31 2017,55.75,55.94,55.26,55.66,55.66,16473000
Mar 30 2017,55.61,56.40,55.44,55.58,55.58,20742000
Mar 29 2017,55.67,55.92,55.11,55.48,55.48,18381000
Mar 28 2017,55.40,56.14,55.00,55.49,55.49,39938000
Mar 27 2017,52.12,54.11,51.95,54.04,54.04,31154000
Mar 24 2017,51.14,52.78,51.00,52.63,52.63,28236500
Mar 23 2017,51.08,51.53,50.66,50.96,50.96,16601000
Mar 22 2017,50.31,51.01,50.10,51.00,51.00,20296500
Mar 21 2017,52.57,52.96,50.05,50.14,50.14,34543000
Mar 20 2017,52.12,52.91,51.76,52.38,52.38,18071500
Mar 17 2017,52.80,53.07,52.24,52.30,52.30,32487500
Mar 16 2017,52.48,53.15,51.81,52.41,52.41,35661000
Mar 15 2017,51.40,52.20,50.85,51.15,51.15,26654000
Mar 14 2017,49.22,51.62,49.20,51.60,51.60,37992000
Mar 13 2017,48.96,49.37,48.56,49.23,49.23,15113000
Mar 10 2017,49.24,49.30,48.60,48.74,48.74,15331500
Mar 09 2017,49.53,49.73,48.60,48.98,48.98,19396500
Mar 08 2017,49.40,50.01,49.06,49.37,49.37,18626000
Mar 07 2017,50.38,50.78,49.66,49.72,49.72,17297500
Mar 06 2017,49.58,50.34,49.50,50.24,50.24,16777500
Mar 03 2017,50.15,50.38,49.80,50.31,50.31,14597000
Mar 02 2017,49.94,50.66,49.65,50.10,50.10,16759000
Mar 01 2017,50.84,50.97,49.82,50.00,50.00,24047500
Feb 28 2017,48.84,50.20,48.78,50.00,50.00,30390500
Feb 27 2017,49.63,49.67,48.40,49.25,49.25,57304000
Feb 24 2017,50.53,51.65,50.04,51.40,51.40,40858000
Feb 23 2017,52.80,52.93,51.11,51.20,51.20,74576000
Feb 22 2017,56.06,56.69,54.52,54.70,54.70,43775000
Feb 21 2017,55.09,56.28,54.80,55.48,55.48,28383500
Feb 17 2017,53.16,54.58,52.83,54.45,54.45,31285500
Feb 16 2017,55.52,56.00,53.70,53.79,53.79,35386500
Feb 15 2017,56.00,56.45,55.29,55.95,55.95,24739500
Feb 14 2017,55.81,57.48,55.72,56.20,56.20,36726000
Feb 13 2017,54.15,56.16,54.10,56.12,56.12,35148000
Feb 10 2017,53.96,54.19,53.22,53.85,53.85,18098500
Feb 09 2017,53.25,54.24,53.23,53.84,53.84,39101000
Feb 08 2017,51.47,52.67,51.24,52.42,52.42,19665000
Feb 07 2017,51.64,52.00,51.28,51.50,51.50,21224000
Feb 06 2017,50.20,51.56,50.13,51.55,51.55,17812500
Feb 03 2017,50.38,50.44,49.94,50.27,50.27,10933500
Feb 02 2017,49.67,50.48,49.54,50.31,50.31,12499000
Feb 01 2017,50.61,50.64,49.81,49.85,49.85,19794000
Jan 31 2017,49.85,51.18,49.54,50.39,50.39,20580500
Jan 30 2017,50.51,51.06,49.42,50.13,50.13,19005500
Jan 27 2017,50.28,50.60,49.70,50.59,50.59,15831500
Jan 26 2017,50.86,51.15,50.15,50.50,50.50,15760500
Jan 25 2017,51.46,51.69,50.36,50.89,50.89,25713000
Jan 24 2017,50.00,50.96,49.93,50.92,50.92,24827500
Jan 23 2017,49.17,50.18,49.10,49.78,49.78,31314500
Jan 20 2017,49.09,49.20,48.60,48.95,48.95,21021500
Jan 19 2017,49.45,49.74,48.15,48.75,48.75,38661500
Jan 18 2017,47.33,47.94,47.12,47.67,47.67,18845000
Jan 17 2017,47.34,47.99,46.87,47.12,47.12,23087500
Jan 13 2017,46.00,47.57,45.92,47.55,47.55,30465000
Jan 12 2017,45.81,46.14,45.12,45.92,45.92,18951000
Jan 11 2017,45.81,46.00,45.34,45.95,45.95,18254000
Jan 10 2017,46.40,46.40,45.38,45.97,45.97,18300000
Jan 09 2017,45.79,46.38,45.60,46.26,46.26,19897500
Jan 06 2017,45.39,46.06,45.09,45.80,45.80,27639500
Jan 05 2017,45.28,45.50,44.39,45.35,45.35,29558500
Jan 04 2017,42.95,45.60,42.86,45.40,45.40,56067500
Jan 03 2017,42.97,44.07,42.19,43.40,43.40,29616500
Dec 30 2016,43.26,43.50,42.34,42.74,42.74,23213000
Dec 29 2016,43.71,43.84,42.82,42.94,42.94,20225000
Dec 28 2016,44.31,44.76,43.44,43.95,43.95,18912500
Dec 27 2016,42.98,44.45,42.88,43.91,43.91,29578500
Dec 23 2016,41.60,42.69,41.54,42.67,42.67,23352500
Dec 22 2016,41.64,42.00,41.30,41.69,41.69,15555500
Dec 21 2016,41.69,42.45,41.48,41.54,41.54,26038000
Dec 20 2016,40.61,41.80,40.50,41.76,41.76,23445500
Dec 19 2016,40.50,40.89,39.97,40.55,40.55,17440500
Dec 16 2016,39.62,40.52,39.52,40.50,40.50,18984500
Dec 15 2016,39.68,40.15,39.48,39.52,39.52,16098000
Dec 14 2016,39.75,40.60,39.35,39.74,39.74,20754500
Dec 13 2016,38.64,40.26,38.60,39.63,39.63,34119500
Dec 12 2016,38.56,38.88,38.24,38.49,38.49,12194500
Dec 09 2016,38.17,38.77,38.16,38.44,38.44,13612500
Dec 08 2016,38.41,38.50,37.91,38.46,38.46,15970500
Dec 07 2016,37.23,38.68,37.00,38.63,38.63,27309500
Dec 06 2016,37.10,37.32,36.54,37.17,37.17,16958000
Dec 05 2016,36.50,37.78,36.50,37.36,37.36,20361000
Dec 02 2016,36.58,36.98,36.00,36.29,36.29,20211500
Dec 01 2016,37.65,37.71,36.20,36.38,36.38,25632000
Nov 30 2016,38.20,38.38,37.50,37.88,37.88,17735500
Nov 29 2016,39.11,39.35,37.90,37.91,37.91,22196500
Nov 28 2016,39.10,39.87,38.91,39.22,39.22,22646000
Nov 25 2016,38.73,39.45,38.73,39.33,39.33,11830500
Nov 23 2016,38.12,39.13,37.80,38.63,38.63,24459500
Nov 22 2016,37.17,38.29,36.74,38.23,38.23,28017000
Nov 21 2016,37.01,37.78,36.88,36.90,36.90,21805000
Nov 18 2016,38.13,38.60,37.00,37.00,37.00,26051500
Nov 17 2016,36.70,37.90,36.42,37.73,37.73,24435500
Nov 16 2016,36.53,36.95,36.24,36.79,36.79,17172000
Nov 15 2016,36.56,37.29,36.41,36.75,36.75,19510000
Nov 14 2016,37.60,37.65,35.64,36.29,36.29,32761000
Nov 11 2016,36.85,37.78,36.60,37.71,37.71,19942500
Nov 10 2016,38.21,38.32,36.08,37.07,37.07,33751500
Nov 09 2016,37.38,38.40,36.79,38.01,38.01,40865500
Nov 08 2016,38.76,39.50,38.25,38.99,38.99,16338000
Nov 07 2016,38.72,38.86,38.01,38.64,38.64,19350500
Nov 04 2016,37.80,38.69,37.19,38.11,38.11,25730000
Nov 03 2016,37.80,38.29,37.41,37.48,37.48,13265000
Nov 02 2016,38.01,38.54,37.50,37.60,37.60,21267000
Nov 01 2016,39.61,39.70,37.62,38.16,38.16,35300000
Oct 31 2016,40.50,40.50,39.16,39.55,39.55,23461500
Oct 28 2016,40.80,41.06,39.97,39.99,39.99,21400500
Oct 27 2016,42.27,42.74,40.33,40.80,40.80,65468500
Oct 26 2016,40.20,40.64,40.02,40.45,40.45,28164000
Oct 25 2016,40.58,40.94,40.24,40.47,40.47,12225000
Oct 24 2016,40.20,40.79,40.05,40.55,40.55,13758000
Oct 21 2016,39.72,40.31,39.48,40.02,40.02,14717000
Oct 20 2016,40.42,40.60,39.41,39.82,39.82,25364500
Oct 19 2016,39.95,41.33,39.61,40.71,40.71,34956000
Oct 18 2016,39.20,39.89,38.65,39.82,39.82,28402500
Oct 17 2016,39.41,39.68,38.40,38.79,38.79,22770500
Oct 14 2016,40.13,40.29,39.26,39.30,39.30,21349500
Oct 13 2016,40.10,40.18,39.41,40.05,40.05,12473000
Oct 12 2016,40.19,40.78,40.08,40.30,40.30,9853500
Oct 11 2016,40.37,40.44,39.66,40.02,40.02,11642000
Oct 10 2016,40.27,40.83,39.93,40.19,40.19,16581500
Oct 07 2016,40.20,40.26,39.16,39.32,39.32,17465000
Oct 06 2016,40.49,40.84,40.04,40.20,40.20,23517000
Oct 05 2016,42.45,42.63,41.62,41.69,41.69,9387500
Oct 04 2016,42.62,42.66,41.76,42.28,42.28,17707500
Oct 03 2016,42.46,43.13,41.65,42.74,42.74,29999500
Sep 30 2016,40.44,41.00,39.91,40.81,40.81,12931500
Sep 29 2016,41.12,41.47,40.12,40.14,40.14,13635000
Sep 28 2016,41.50,41.65,41.05,41.25,41.25,10442000
Sep 27 2016,41.93,42.00,40.92,41.16,41.16,16866000
Sep 26 2016,41.30,42.20,41.30,41.80,41.80,11972000
Sep 23 2016,41.20,42.04,41.13,41.49,41.49,14526000
Sep 22 2016,41.28,41.46,40.60,41.29,41.29,11914500
Sep 21 2016,41.27,41.40,40.31,41.04,41.04,13167500
Sep 20 2016,41.37,41.55,40.78,40.93,40.93,12052500
Sep 19 2016,41.40,41.89,41.00,41.27,41.27,11497500
Sep 16 2016,40.08,41.14,39.80,41.08,41.08,15539000
Sep 15 2016,39.30,40.50,39.28,40.08,40.08,15386000
Sep 14 2016,39.15,39.58,38.97,39.28,39.28,11272500
Sep 13 2016,39.41,39.70,38.69,39.21,39.21,17947000
Sep 12 2016,39.00,40.27,38.82,39.66,39.66,18576000
Sep 09 2016,39.82,39.98,38.74,38.89,38.89,18785000
Sep 08 2016,39.91,39.98,39.27,39.47,39.47,16889500
Sep 07 2016,41.10,41.30,40.14,40.34,40.34,18204500
Sep 06 2016,39.80,40.65,39.80,40.57,40.57,21953000
Sep 02 2016,40.47,40.64,39.24,39.56,39.56,29887000
Sep 01 2016,41.80,42.22,40.10,40.15,40.15,39715500
Aug 31 2016,42.09,42.52,41.73,42.40,42.40,16382500
Aug 30 2016,43.22,43.22,42.10,42.27,42.27,15844500
Aug 29 2016,44.03,44.08,43.00,43.04,43.04,16331500
Aug 26 2016,44.43,44.57,43.76,44.00,44.00,11195000
Aug 25 2016,44.62,44.76,44.15,44.19,44.19,8812500
Aug 24 2016,45.41,45.43,44.44,44.52,44.52,12853500
Aug 23 2016,44.86,45.70,44.56,44.97,44.97,23922000
Aug 22 2016,44.83,45.02,44.54,44.59,44.59,10327500
Aug 19 2016,44.71,45.03,44.51,45.00,45.00,8297500
Aug 18 2016,44.76,45.13,44.46,44.70,44.70,8572500
Aug 17 2016,44.87,44.97,44.56,44.65,44.65,8935500
Aug 16 2016,45.10,45.44,44.68,44.72,44.72,11335500
Aug 15 2016,45.20,45.90,44.99,45.12,45.12,10171500
Aug 12 2016,45.08,45.33,44.81,45.12,45.12,9067500
Aug 11 2016,45.23,45.51,44.68,44.98,44.98,9404500
Aug 10 2016,45.65,45.97,44.92,45.13,45.13,11691500
Aug 09 2016,45.36,46.31,45.33,45.82,45.82,11039000
Aug 08 2016,45.60,45.92,45.22,45.23,45.23,11318000
Aug 05 2016,46.00,46.40,45.48,46.01,46.01,16026000
Aug 04 2016,45.14,46.17,44.41,46.12,46.12,20735000
Aug 03 2016,45.47,45.94,44.84,45.16,45.16,19439000
Aug 02 2016,45.87,45.97,44.28,45.44,45.44,19672000
Aug 01 2016,47.10,47.33,45.88,46.00,46.00,20081500
Jul 29 2016,46.14,47.06,46.05,46.96,46.96,15354000
Jul 28 2016,45.59,46.15,45.32,46.12,46.12,12095500
Jul 27 2016,45.87,46.67,45.38,45.70,45.70,14445000
Jul 26 2016,45.54,46.00,45.06,45.90,45.90,17150000
Jul 25 2016,44.45,46.28,44.27,46.00,46.00,22453500
Jul 22 2016,44.40,44.90,43.78,44.45,44.45,12898500
Jul 21 2016,45.20,45.57,43.82,44.10,44.10,22143500
Jul 20 2016,45.29,45.96,45.00,45.67,45.67,12842500
Jul 19 2016,45.00,45.82,44.95,45.05,45.05,15575500
Jul 18 2016,43.93,45.42,43.66,45.25,45.25,17060500
Jul 15 2016,44.50,44.55,43.93,44.08,44.08,11171000
Jul 14 2016,44.62,44.99,44.21,44.31,44.31,13379000
Jul 13 2016,45.10,45.12,44.06,44.51,44.51,17835500
Jul 12 2016,44.82,45.50,44.64,44.93,44.93,22856500
Jul 11 2016,43.99,45.36,43.90,44.96,44.96,27149000
Jul 08 2016,43.56,43.96,42.90,43.36,43.36,20374000
Jul 07 2016,42.62,43.62,42.60,43.19,43.19,18060000
Jul 06 2016,42.00,43.05,41.80,42.89,42.89,24599500
Jul 05 2016,41.95,42.91,41.60,42.80,42.80,25876500
Jul 01 2016,41.23,43.65,41.20,43.30,43.30,27000000
Jun 30 2016,42.59,42.70,41.80,42.46,42.46,24215500
Jun 29 2016,41.03,42.36,40.60,42.04,42.04,29974500
Jun 28 2016,40.38,40.81,39.88,40.36,40.36,31062000
Jun 27 2016,38.17,39.76,37.57,39.71,39.71,36027000
Jun 24 2016,38.01,39.02,37.95,38.63,38.63,35132500
Jun 23 2016,39.14,39.51,38.43,39.28,39.28,50653500
Jun 22 2016,39.89,41.19,39.15,39.33,39.33,118712000
Jun 21 2016,44.14,44.51,43.76,43.92,43.92,22645000
Jun 20 2016,43.90,44.75,43.65,43.94,43.94,17777500
Jun 17 2016,43.56,44.00,42.90,43.09,43.09,15563000
Jun 16 2016,43.48,43.61,42.70,43.59,43.59,12201500
Jun 15 2016,43.39,44.38,43.03,43.54,43.54,14542500
Jun 14 2016,43.78,44.44,42.51,42.99,42.99,17901000
Jun 13 2016,43.90,45.15,43.53,43.57,43.57,20965000
Jun 10 2016,45.48,45.59,43.68,43.76,43.76,30133000
Jun 09 2016,47.00,47.07,45.41,45.87,45.87,22460500
Jun 08 2016,46.76,48.17,46.52,47.10,47.10,29860000
Jun 07 2016,44.45,46.89,44.30,46.47,46.47,31068000
Jun 06 2016,43.60,44.18,43.09,44.14,44.14,11247500
Jun 03 2016,44.00,44.39,43.60,43.80,43.80,11145000
Jun 02 2016,43.92,43.98,43.42,43.79,43.79,10164000
Jun 01 2016,44.30,44.48,43.38,43.91,43.91,14913500
May 31 2016,44.61,44.95,44.30,44.65,44.65,13945000
May 27 2016,45.00,45.19,44.15,44.61,44.61,18251500
May 26 2016,44.10,45.05,43.81,45.02,45.02,20362000
May 25 2016,43.58,44.27,43.30,43.92,43.92,15634000
May 24 2016,43.32,43.75,43.04,43.58,43.58,15069000
May 23 2016,43.97,44.52,43.17,43.24,43.24,25512500
May 20 2016,43.40,44.11,43.27,44.06,44.06,45035500
May 19 2016,42.72,43.36,41.46,43.04,43.04,34331500
May 18 2016,41.83,43.06,41.55,42.23,42.23,28087500
May 17 2016,41.81,41.96,40.80,40.93,40.93,14218000
May 16 2016,41.63,42.63,41.58,41.66,41.66,14747000
May 13 2016,41.56,42.24,41.34,41.52,41.52,14114000
May 12 2016,42.29,42.33,40.73,41.46,41.46,18252500
May 11 2016,41.52,43.10,41.21,41.79,41.79,25809500
May 10 2016,41.51,41.89,41.00,41.74,41.74,20353000
May 09 2016,43.14,43.23,41.36,41.78,41.78,23882000
May 06 2016,42.17,43.27,41.62,42.99,42.99,28426000
May 05 2016,45.69,45.73,41.96,42.31,42.31,56274000
May 04 2016,46.06,46.89,44.08,44.51,44.51,43502500
May 03 2016,47.47,47.78,46.32,46.46,46.46,21511000
May 02 2016,48.30,48.64,46.96,48.36,48.36,19219500
Apr 29 2016,49.63,49.69,47.56,48.15,48.15,27069000
Apr 28 2016,49.97,50.69,49.49,49.54,49.54,12595000
Apr 27 2016,50.55,51.00,49.88,50.29,50.29,16029000
Apr 26 2016,50.41,51.15,49.88,50.75,50.75,16119000
Apr 25 2016,50.60,51.48,50.15,50.36,50.36,18351500
Apr 22 2016,49.78,50.80,49.14,50.75,50.75,18931500
Apr 21 2016,49.80,50.18,49.38,49.66,49.66,13915500
Apr 20 2016,49.25,50.73,48.30,49.99,49.99,25970500
Apr 19 2016,50.62,50.87,48.25,49.47,49.47,31787500
Apr 18 2016,50.45,51.66,50.33,50.78,50.78,21357000
Apr 15 2016,50.26,50.92,49.82,50.90,50.90,18762000
Apr 14 2016,50.60,51.37,50.21,50.37,50.37,20661000
Apr 13 2016,49.70,51.10,49.47,50.91,50.91,24628000
Apr 12 2016,49.90,50.36,48.73,49.56,49.56,28816000
Apr 11 2016,50.20,51.80,49.06,49.98,49.98,45808500
Apr 08 2016,52.10,52.16,49.60,50.01,50.01,36819500
Apr 07 2016,53.29,53.87,50.90,51.44,51.44,44281000
Apr 06 2016,50.79,53.55,50.69,53.08,53.08,58527500
Apr 05 2016,48.10,51.31,48.00,51.09,51.09,49743500
Apr 04 2016,49.82,50.42,48.73,49.40,49.40,67376500
Apr 01 2016,48.97,49.58,46.65,47.52,47.52,79987500
Mar 31 2016,45.87,47.48,45.00,45.95,45.95,40064500
Mar 30 2016,47.02,47.10,45.30,45.38,45.38,20165000
Mar 29 2016,45.98,46.48,45.07,46.03,46.03,20071500
Mar 28 2016,46.32,46.96,45.00,46.05,46.05,19628500
Mar 24 2016,43.16,45.78,43.00,45.55,45.55,24804500
Mar 23 2016,46.47,46.95,44.41,44.52,44.52,24744000
Mar 22 2016,47.44,47.80,46.51,46.85,46.85,21580000
Mar 21 2016,47.07,47.98,47.00,47.66,47.66,26539000
Mar 18 2016,45.82,46.90,45.61,46.55,46.55,23559000
Mar 17 2016,44.29,45.70,44.00,45.28,45.28,18914500
Mar 16 2016,43.60,44.52,43.40,44.39,44.39,17583500
Mar 15 2016,42.85,43.79,42.30,43.67,43.67,15902500
Mar 14 2016,42.53,43.34,42.13,43.03,43.03,20328500
Mar 11 2016,41.59,41.88,41.07,41.50,41.50,16715500
Mar 10 2016,42.00,42.66,40.13,41.04,41.04,25962500
Mar 09 2016,40.90,41.87,40.56,41.74,41.74,16043000
Mar 08 2016,40.70,41.50,40.44,40.52,40.52,20893500
Mar 07 2016,39.54,41.94,39.48,41.06,41.06,26647000
Mar 04 2016,39.60,40.81,39.50,40.21,40.21,32445500
Mar 03 2016,37.66,39.48,36.84,39.15,39.15,24145000
Mar 02 2016,36.75,37.70,36.30,37.67,37.67,24312000
Mar 01 2016,38.85,39.19,36.54,37.27,37.27,33561000
Feb 29 2016,38.48,39.27,37.84,38.39,38.39,22495000
Feb 26 2016,37.74,38.40,37.00,38.07,38.07,30325500
Feb 25 2016,35.73,37.70,35.04,37.49,37.49,28753500
Feb 24 2016,34.55,35.90,33.57,35.80,35.80,26978000
Feb 23 2016,35.23,36.35,34.74,35.44,35.44,29922000
Feb 22 2016,34.02,35.78,33.97,35.55,35.55,25300500
Feb 19 2016,32.73,33.50,32.50,33.32,33.32,14797000
Feb 18 2016,34.48,34.59,32.95,33.35,33.35,19438000
Feb 17 2016,31.80,33.87,31.34,33.74,33.74,29126000
Feb 16 2016,31.74,32.59,30.82,31.03,31.03,27969000
Feb 12 2016,31.00,31.40,28.74,30.21,30.21,36179000
Feb 11 2016,30.40,32.65,29.40,30.09,30.09,71262000
Feb 10 2016,30.10,30.99,28.35,28.73,28.73,52032500
Feb 09 2016,28.46,31.96,28.21,29.65,29.65,43258000
